"#","MATRICULA","OBSERVACAO","HIDROMETRO","LEITURA","RA","OS","TEM",,
1,1693166,"ACAO CADASTRAL - INDIVIDUALIZACAO","A22G611467",156,5450629,4439378,"Com Hidrometro",,
2,14897784,"ACAO CADASTRAL - INDIVIDUALIZACAO","A22G611466",194,5450630,4439379,"Com Hidrometro",,
3,14897806,"ACAO CADASTRAL - INDIVIDUALIZACAO","A22G611419",64,5450631,4439380,"Com Hidrometro",,
4,14897822,"ACAO CADASTRAL - INDIVIDUALIZACAO","A22G611420",1,5450632,4439381,"Com Hidrometro",,
5,14897849,"ACAO CADASTRAL - INDIVIDUALIZACAO","A22G611421",100,5450633,4439382,"Com Hidrometro",,
6,14897865,"ACAO CADASTRAL - INDIVIDUALIZACAO","A22G611422",41,5450634,4439383,"Com Hidrometro",,
7,14897881,"ACAO CADASTRAL - INDIVIDUALIZACAO","A22G611423",26,5450635,4439384,"Com Hidrometro",,
8,14897903,"ACAO CADASTRAL - INDIVIDUALIZACAO","A22G611424",21,5450636,4439385,"Com Hidrometro",,
9,14897920,"ACAO CADASTRAL - INDIVIDUALIZACAO","A22G611425",32,5450637,4439386,"Com Hidrometro",,
10,14897946,"ACAO CADASTRAL - INDIVIDUALIZACAO","A22G611426",43,5450638,4439387,"Com Hidrometro",,
11,14897962,"ACAO CADASTRAL - INDIVIDUALIZACAO","A22G611427",14,5450639,4439388,"Com Hidrometro",,
12,14897989,"ACAO CADASTRAL - INDIVIDUALIZACAO","A22G611428",66,5450640,4439389,"Com Hidrometro",,
13,14898004,"ACAO CADASTRAL - INDIVIDUALIZACAO","A22G611479",38,5450641,4439390,"Com Hidrometro",,
14,14898020,"ACAO CADASTRAL - INDIVIDUALIZACAO","A22G611480",42,5450642,4439391,"Com Hidrometro",,
15,14898047,"ACAO CADASTRAL - INDIVIDUALIZACAO","A22G611481",36,5450643,4439392,"Com Hidrometro",,
16,14898063,"ACAO CADASTRAL - INDIVIDUALIZACAO","A22G611482",45,5450644,4439393,"Com Hidrometro",,
17,14898080,"ACAO CADASTRAL - INDIVIDUALIZACAO","A22G611483",4,5450645,4439394,"Com Hidrometro",,
18,14898101,"ACAO CADASTRAL - INDIVIDUALIZACAO","A22G611484",28,5450646,4439395,"Com Hidrometro",,
19,14898128,"ACAO CADASTRAL - INDIVIDUALIZACAO","A22G611485",36,5450647,4439396,"Com Hidrometro",,
20,14898144,"ACAO CADASTRAL - INDIVIDUALIZACAO","A22G611486",150,5450648,4439397,"Com Hidrometro",,
21,14898160,"ACAO CADASTRAL - INDIVIDUALIZACAO","A22G611487",36,5450649,4439398,"Com Hidrometro",,
22,14898187,"ACAO CADASTRAL - INDIVIDUALIZACAO","A22G611488",42,5450650,4439399,"Com Hidrometro",,
23,14898209,"ACAO CADASTRAL - INDIVIDUALIZACAO","A22G611529",56,5450651,4439400,"Com Hidrometro",,
24,14898225,"ACAO CADASTRAL - INDIVIDUALIZACAO","A22G611530",22,5450652,4439401,"Com Hidrometro",,
25,14898241,"ACAO CADASTRAL - INDIVIDUALIZACAO","A22G611531",12,5450653,4439402,"Com Hidrometro",,
26,14898268,"ACAO CADASTRAL - INDIVIDUALIZACAO","A22G611532",43,5450654,4439403,"Com Hidrometro",,
27,14898284,"ACAO CADASTRAL - INDIVIDUALIZACAO","A22G611533",52,5450655,4439404,"Com Hidrometro",,
28,14898306,"ACAO CADASTRAL - INDIVIDUALIZACAO","A22G611534",45,5450656,4439405,"Com Hidrometro",,
29,14898322,"ACAO CADASTRAL - INDIVIDUALIZACAO","A22G611535",113,5450657,4439406,"Com Hidrometro",,
30,14898349,"ACAO CADASTRAL - INDIVIDUALIZACAO","A22G611536",48,5450658,4439407,"Com Hidrometro",,
31,14898365,"ACAO CADASTRAL - INDIVIDUALIZACAO","A22G611537",54,5450659,4439408,"Com Hidrometro",,
32,14898381,"ACAO CADASTRAL - INDIVIDUALIZACAO","A22G611538",160,5449571,4438487,"Com Hidrometro",,
33,14898403,"ACAO CADASTRAL - INDIVIDUALIZACAO","A22G611649",166,5449572,4438488,"Com Hidrometro",,
34,14898420,"ACAO CADASTRAL - INDIVIDUALIZACAO","A22G611650",72,5450660,4439409,"Com Hidrometro",,
35,14898446,"ACAO CADASTRAL - INDIVIDUALIZACAO","A22G611369",1,5450661,4439410,"Com Hidrometro",,
36,14898462,"ACAO CADASTRAL - INDIVIDUALIZACAO","A22G611370",0,5449575,4438491,"Sem Hidrometro",,
37,14898489,"ACAO CADASTRAL - INDIVIDUALIZACAO","A22G611371",0,5449576,4438492,"Sem Hidrometro",,
38,14898500,"ACAO CADASTRAL - INDIVIDUALIZACAO","A22G611372",36,5450662,4439411,"Com Hidrometro",,
39,14898527,"ACAO CADASTRAL - INDIVIDUALIZACAO","A22G611373",65,5449578,4438494,"Com Hidrometro",,
40,14898543,"ACAO CADASTRAL - INDIVIDUALIZACAO","A22G611374",94,5450663,4439412,"Com Hidrometro",,
41,14898560,"ACAO CADASTRAL - INDIVIDUALIZACAO","A22G611375",24,5449580,4438496,"Com Hidrometro",,
42,14898586,"ACAO CADASTRAL - INDIVIDUALIZACAO","A22G611376",17,5450664,4439413,"Com Hidrometro",,
43,14898608,"ACAO CADASTRAL - INDIVIDUALIZACAO","A22G611377",0,5449582,4438498,"Sem Hidrometro",,
44,14898624,"ACAO CADASTRAL - INDIVIDUALIZACAO","A22G611378",106,5450665,4439414,"Com Hidrometro",,
45,14898640,"ACAO CADASTRAL - INDIVIDUALIZACAO","A22G611579",0,5449584,4438500,"Sem Hidrometro",,
46,14898667,"ACAO CADASTRAL - INDIVIDUALIZACAO","A22G611580",11,5449585,4438501,"Com Hidrometro",,
47,14898683,"ACAO CADASTRAL - INDIVIDUALIZACAO","A22G611581",0,5449586,4438502,"Sem Hidrometro",,
48,14898705,"ACAO CADASTRAL - INDIVIDUALIZACAO","A22G611582",104,5450666,4439415,"Com Hidrometro",,
49,14898721,"ACAO CADASTRAL - INDIVIDUALIZACAO","A22G611583",0,5449588,4438504,"Sem Hidrometro",,
50,14898748,"ACAO CADASTRAL - INDIVIDUALIZACAO","A22G611584",0,5449589,4438505,"Sem Hidrometro",,
51,14898764,"ACAO CADASTRAL - INDIVIDUALIZACAO","A22G611585",0,5449590,4438506,"Sem Hidrometro",,
52,14898780,"ACAO CADASTRAL - INDIVIDUALIZACAO","A22G611586",26,5450667,4439416,"Com Hidrometro",,
53,14898802,"ACAO CADASTRAL - INDIVIDUALIZACAO","A22G611587",0,5449592,4438508,"Sem Hidrometro",,
54,14898829,"ACAO CADASTRAL - INDIVIDUALIZACAO","A22G611588",17,5450668,4439417,"Com Hidrometro",,
55,14898845,"ACAO CADASTRAL - INDIVIDUALIZACAO","A22G611559",6,5450670,4439419,"Com Hidrometro",,
56,14898861,"ACAO CADASTRAL - INDIVIDUALIZACAO","A22G611560",8,5450671,4439420,"Com Hidrometro",,
57,14898888,"ACAO CADASTRAL - INDIVIDUALIZACAO","A22G611561",66,5450672,4439421,"Com Hidrometro",,
58,14898900,"ACAO CADASTRAL - INDIVIDUALIZACAO","A22G611562",32,5449597,4438513,"Com Hidrometro",,
59,14898926,"ACAO CADASTRAL - INDIVIDUALIZACAO","A22G611563",69,5450674,4439423,"Com Hidrometro",,
60,14898942,"ACAO CADASTRAL - INDIVIDUALIZACAO","A22G611564",42,5450675,4439424,"Com Hidrometro",,
61,14898969,"ACAO CADASTRAL - INDIVIDUALIZACAO","A22G611565",28,5450676,4439425,"Com Hidrometro",,
62,14898985,"ACAO CADASTRAL - INDIVIDUALIZACAO","A22G611566",0,5449601,4438517,"Sem Hidrometro",,
63,14899000,"ACAO CADASTRAL - INDIVIDUALIZACAO","A22G611567",97,5450677,4439426,"Com Hidrometro",,
64,14899027,"ACAO CADASTRAL - INDIVIDUALIZACAO","A22G611568",24,5449603,4438519,"Com Hidrometro",,
65,14899043,"ACAO CADASTRAL - INDIVIDUALIZACAO","A22G611651",48,5450678,4439427,"Com Hidrometro",,
66,14899060,"ACAO CADASTRAL - INDIVIDUALIZACAO","A22G611652",13,5449605,4438521,"Com Hidrometro",,
67,14899086,"ACAO CADASTRAL - INDIVIDUALIZACAO","A22G611539",45,5450679,4439428,"Com Hidrometro",,
68,14899108,"ACAO CADASTRAL - INDIVIDUALIZACAO","A22G611540",0,5449607,4438523,"Sem Hidrometro",,
69,14899124,"ACAO CADASTRAL - INDIVIDUALIZACAO","A22G611541",13,5450681,4439429,"Com Hidrometro",,
70,14899140,"ACAO CADASTRAL - INDIVIDUALIZACAO","A22G611542",0,5449609,4438525,"Sem Hidrometro",,
71,14899167,"ACAO CADASTRAL - INDIVIDUALIZACAO","A22G611543",98,5449610,4438526,"Com Hidrometro",,
72,14899183,"ACAO CADASTRAL - INDIVIDUALIZACAO","A22G611544",0,5449611,4438527,"Sem Hidrometro",,
73,14899205,"ACAO CADASTRAL - INDIVIDUALIZACAO","A22G611545",31,5449612,4438528,"Com Hidrometro",,
74,14899221,"ACAO CADASTRAL - INDIVIDUALIZACAO","A22G611546",79,5450682,4439430,"Com Hidrometro",,
75,14899248,"ACAO CADASTRAL - INDIVIDUALIZACAO","A22G611547",0,5449614,4438530,"Sem Hidrometro",,
76,14899264,"ACAO CADASTRAL - INDIVIDUALIZACAO","A22G611548",13,5450683,4439431,"Com Hidrometro",,
77,14899280,"ACAO CADASTRAL - INDIVIDUALIZACAO","A22G611469",0,5449616,4438532,"Sem Hidrometro",,
78,14899302,"ACAO CADASTRAL - INDIVIDUALIZACAO","A22G611470",7,5450685,4439432,"Com Hidrometro",,
79,14899329,"ACAO CADASTRAL - INDIVIDUALIZACAO","A22G611471",10,5450686,4439433,"Com Hidrometro",,
80,14899345,"ACAO CADASTRAL - INDIVIDUALIZACAO","A22G611472",40,5449619,4438535,"Com Hidrometro",,
81,14899361,"ACAO CADASTRAL - INDIVIDUALIZACAO","A22G611473",4,5449620,4438536,"Com Hidrometro",,
82,14899388,"ACAO CADASTRAL - INDIVIDUALIZACAO","A22G611474",66,5449621,4438537,"Com Hidrometro",,
83,14899400,"ACAO CADASTRAL - INDIVIDUALIZACAO","A22G611475",102,5449622,4438538,"Com Hidrometro",,
84,14899426,"ACAO CADASTRAL - INDIVIDUALIZACAO","A22G611476",0,5449623,4438539,"Sem Hidrometro",,
85,14899442,"ACAO CADASTRAL - INDIVIDUALIZACAO","A22G611477",47,5449624,4438540,"Com Hidrometro",,
86,14899469,"ACAO CADASTRAL - INDIVIDUALIZACAO","A22G611478",18,5449625,4438541,"Com Hidrometro",,
87,14899485,"ACAO CADASTRAL - INDIVIDUALIZACAO","A22G611239",0,5449626,4438542,"Sem Hidrometro",,
88,14899507,"ACAO CADASTRAL - INDIVIDUALIZACAO","A22G611240",14,5449627,4438543,"Com Hidrometro",,
89,14899523,"ACAO CADASTRAL - INDIVIDUALIZACAO","A22G611241",0,5449628,4438544,"Sem Hidrometro",,
90,14899540,"ACAO CADASTRAL - INDIVIDUALIZACAO","A22G611242",19,5449629,4438545,"Com Hidrometro",,
91,14899566,"ACAO CADASTRAL - INDIVIDUALIZACAO","A22G611243",0,5449630,4438546,"Sem Hidrometro",,
92,14899582,"ACAO CADASTRAL - INDIVIDUALIZACAO","A22G611244",22,5449631,4438547,"Com Hidrometro",,
93,14899604,"ACAO CADASTRAL - INDIVIDUALIZACAO","A22G611245",105,5449632,4438548,"Com Hidrometro",,
94,14899620,"ACAO CADASTRAL - INDIVIDUALIZACAO","A22G611246",22,5449633,4438549,"Com Hidrometro",,
95,14899647,"ACAO CADASTRAL - INDIVIDUALIZACAO","A22G611247",23,5449634,4438550,"Com Hidrometro",,
96,14899663,"ACAO CADASTRAL - INDIVIDUALIZACAO","A22G611248",155,5449635,4438551,"Com Hidrometro",,
97,14899680,"ACAO CADASTRAL - INDIVIDUALIZACAO","A22G611653",2,5449636,4438552,"Com Hidrometro",,
98,14899701,"ACAO CADASTRAL - INDIVIDUALIZACAO","A22G611654",96,5449637,4438553,"Com Hidrometro",,
99,14899728,"ACAO CADASTRAL - INDIVIDUALIZACAO","A22G611329",44,5449638,4438554,"Com Hidrometro",,
100,14899744,"ACAO CADASTRAL - INDIVIDUALIZACAO","A22G611330",28,5449639,4438555,"Com Hidrometro",,
101,14899760,"ACAO CADASTRAL - INDIVIDUALIZACAO","A22G611331",90,5449640,4438556,"Com Hidrometro",,
102,14899787,"ACAO CADASTRAL - INDIVIDUALIZACAO","A22G611332",22,5449641,4438557,"Com Hidrometro",,
103,14899809,"ACAO CADASTRAL - INDIVIDUALIZACAO","A22G611333",0,5449642,4438558,"Sem Hidrometro",,
104,14899825,"ACAO CADASTRAL - INDIVIDUALIZACAO","A22G611334",73,5449643,4438559,"Com Hidrometro",,
105,14899841,"ACAO CADASTRAL - INDIVIDUALIZACAO","A22G611335",0,5449644,4438560,"Sem Hidrometro",,
106,14899868,"ACAO CADASTRAL - INDIVIDUALIZACAO","A22G611336",8,5449645,4438561,"Com Hidrometro",,
107,14899884,"ACAO CADASTRAL - INDIVIDUALIZACAO","A22G611337",151,5449646,4438562,"Com Hidrometro",,
108,14899906,"ACAO CADASTRAL - INDIVIDUALIZACAO","A22G611338",0,5449647,4438563,"Sem Hidrometro",,
109,14899922,"ACAO CADASTRAL - INDIVIDUALIZACAO","A22G611319",125,5449648,4438564,"Com Hidrometro",,
110,14899949,"ACAO CADASTRAL - INDIVIDUALIZACAO","A22G611320",0,5449649,4438565,"Sem Hidrometro",,
111,14899965,"ACAO CADASTRAL - INDIVIDUALIZACAO","A22G611321",15,5449650,4438566,"Com Hidrometro",,
112,14899981,"ACAO CADASTRAL - INDIVIDUALIZACAO","A22G611322",0,5449651,4438567,"Sem Hidrometro",,
113,14900009,"ACAO CADASTRAL - INDIVIDUALIZACAO","A22G611323",79,5449652,4438568,"Com Hidrometro",,
114,14900025,"ACAO CADASTRAL - INDIVIDUALIZACAO","A22G611324",77,5449653,4438569,"Com Hidrometro",,
115,14900041,"ACAO CADASTRAL - INDIVIDUALIZACAO","A22G611325",66,5449654,4438570,"Com Hidrometro",,
116,14900068,"ACAO CADASTRAL - INDIVIDUALIZACAO","A22G611326",0,5449655,4438571,"Sem Hidrometro",,
117,14900084,"ACAO CADASTRAL - INDIVIDUALIZACAO","A22G611327",5,5449656,4438572,"Com Hidrometro",,
118,14900106,"ACAO CADASTRAL - INDIVIDUALIZACAO","A22G611328",41,5449657,4438573,"Com Hidrometro",,
119,14900122,"ACAO CADASTRAL - INDIVIDUALIZACAO","A22G611549",0,5449658,4438574,"Sem Hidrometro",,
120,14900149,"ACAO CADASTRAL - INDIVIDUALIZACAO","A22G611550",0,5449659,4438575,"Sem Hidrometro",,
121,14900165,"ACAO CADASTRAL - INDIVIDUALIZACAO","A22G611551",58,5449660,4438576,"Com Hidrometro",,
122,14900181,"ACAO CADASTRAL - INDIVIDUALIZACAO","A22G611552",17,5449661,4438577,"Com Hidrometro",,
123,14900203,"ACAO CADASTRAL - INDIVIDUALIZACAO","A22G611553",95,5449662,4438578,"Com Hidrometro",,
124,14900220,"ACAO CADASTRAL - INDIVIDUALIZACAO","A22G611554",0,5449663,4438579,"Sem Hidrometro",,
125,14900246,"ACAO CADASTRAL - INDIVIDUALIZACAO","A22G611555",24,5449664,4438580,"Com Hidrometro",,
126,14900262,"ACAO CADASTRAL - INDIVIDUALIZACAO","A22G611556",54,5449665,4438581,"Com Hidrometro",,
127,14900289,"ACAO CADASTRAL - INDIVIDUALIZACAO","A22G611557",65,5449666,4438582,"Com Hidrometro",,
128,14900300,"ACAO CADASTRAL - INDIVIDUALIZACAO","A22G611558",19,5449667,4438583,"Com Hidrometro",,
129,14900327,"ACAO CADASTRAL - INDIVIDUALIZACAO","A22G611655",87,5449668,4438584,"Com Hidrometro",,
130,14900343,"ACAO CADASTRAL - INDIVIDUALIZACAO","A22G611656",0,5449669,4438585,"Sem Hidrometro",,
131,14900360,"ACAO CADASTRAL - INDIVIDUALIZACAO","A22G611289",4,5449670,4438586,"Com Hidrometro",,
132,14900386,"ACAO CADASTRAL - INDIVIDUALIZACAO","A22G611290",19,5449671,4438587,"Com Hidrometro",,
133,14900408,"ACAO CADASTRAL - INDIVIDUALIZACAO","A22G611291",124,5449672,4438588,"Com Hidrometro",,
134,14900424,"ACAO CADASTRAL - INDIVIDUALIZACAO","A22G611292",0,5449673,4438589,"Sem Hidrometro",,
135,14900440,"ACAO CADASTRAL - INDIVIDUALIZACAO","A22G611293",27,5449674,4438590,"Com Hidrometro",,
136,14900467,"ACAO CADASTRAL - INDIVIDUALIZACAO","A22G611294",0,5449675,4438591,"Sem Hidrometro",,
137,14900483,"ACAO CADASTRAL - INDIVIDUALIZACAO","A22G611295",4,5449676,4438592,"Com Hidrometro",,
138,14900505,"ACAO CADASTRAL - INDIVIDUALIZACAO","A22G611296",58,5449677,4438593,"Com Hidrometro",,
139,14900521,"ACAO CADASTRAL - INDIVIDUALIZACAO","A22G611297",11,5449678,4438594,"Com Hidrometro",,
140,14900548,"ACAO CADASTRAL - INDIVIDUALIZACAO","A22G611298",60,5449679,4438595,"Com Hidrometro",,
141,14900564,"ACAO CADASTRAL - INDIVIDUALIZACAO","A22G611599",59,5449680,4438596,"Com Hidrometro",,
142,14900580,"ACAO CADASTRAL - INDIVIDUALIZACAO","A22G611600",126,5449681,4438597,"Com Hidrometro",,
143,14900602,"ACAO CADASTRAL - INDIVIDUALIZACAO","A22G611601",85,5449682,4438598,"Com Hidrometro",,
144,14900629,"ACAO CADASTRAL - INDIVIDUALIZACAO","A22G611602",69,5449683,4438599,"Com Hidrometro",,
145,14900645,"ACAO CADASTRAL - INDIVIDUALIZACAO","A22G611603",17,5449684,4438600,"Com Hidrometro",,
146,14900661,"ACAO CADASTRAL - INDIVIDUALIZACAO","A22G611604",43,5449685,4438601,"Com Hidrometro",,
147,14900688,"ACAO CADASTRAL - INDIVIDUALIZACAO","A22G611605",6,5449686,4438602,"Com Hidrometro",,
148,14900700,"ACAO CADASTRAL - INDIVIDUALIZACAO","A22G611606",4,5449687,4438603,"Com Hidrometro",,
149,14900726,"ACAO CADASTRAL - INDIVIDUALIZACAO","A22G611607",20,5449688,4438604,"Com Hidrometro",,
150,14900742,"ACAO CADASTRAL - INDIVIDUALIZACAO","A22G611608",53,5449689,4438605,"Com Hidrometro",,
151,14900769,"ACAO CADASTRAL - INDIVIDUALIZACAO","A22G611619",0,5449690,4438606,"Sem Hidrometro",,
152,14900785,"ACAO CADASTRAL - INDIVIDUALIZACAO","A22G611620",4,5449691,4438607,"Com Hidrometro",,
153,14900807,"ACAO CADASTRAL - INDIVIDUALIZACAO","A22G611621",30,5449692,4438608,"Com Hidrometro",,
154,14900823,"ACAO CADASTRAL - INDIVIDUALIZACAO","A22G611622",83,5449693,4438609,"Com Hidrometro",,
155,14900840,"ACAO CADASTRAL - INDIVIDUALIZACAO","A22G611623",16,5449694,4438610,"Com Hidrometro",,
156,14900866,"ACAO CADASTRAL - INDIVIDUALIZACAO","A22G611624",39,5449695,4438611,"Com Hidrometro",,
157,14900882,"ACAO CADASTRAL - INDIVIDUALIZACAO","A22G611625",42,5449696,4438612,"Com Hidrometro",,
158,14900904,"ACAO CADASTRAL - INDIVIDUALIZACAO","A22G611626",30,5449697,4438613,"Com Hidrometro",,
159,14900920,"ACAO CADASTRAL - INDIVIDUALIZACAO","A22G611627",0,5449698,4438614,"Sem Hidrometro",,
160,14900947,"ACAO CADASTRAL - INDIVIDUALIZACAO","A22G611628",41,5449699,4438615,"Com Hidrometro",,
161,14900963,"ACAO CADASTRAL - INDIVIDUALIZACAO","A22G611657",0,5449700,4438616,"Sem Hidrometro",,
162,14900980,"ACAO CADASTRAL - INDIVIDUALIZACAO","A22G611491",29,5449701,4438617,"Com Hidrometro",,
163,14901005,"ACAO CADASTRAL - INDIVIDUALIZACAO","A22G611519",0,5449702,4438618,"Sem Hidrometro",,
164,14901021,"ACAO CADASTRAL - INDIVIDUALIZACAO","A22G611520",0,5449703,4438619,"Sem Hidrometro",,
165,14901048,"ACAO CADASTRAL - INDIVIDUALIZACAO","A22G611521",0,5449704,4438620,"Sem Hidrometro",,
166,14901064,"ACAO CADASTRAL - INDIVIDUALIZACAO","A22G611522",0,5449705,4438621,"Sem Hidrometro",,
167,14901080,"ACAO CADASTRAL - INDIVIDUALIZACAO","A22G611523",0,5449706,4438622,"Sem Hidrometro",,
168,14901102,"ACAO CADASTRAL - INDIVIDUALIZACAO","A22G611524",0,5449707,4438623,"Sem Hidrometro",,
169,14901129,"ACAO CADASTRAL - INDIVIDUALIZACAO","A22G611525",23,5449708,4438624,"Com Hidrometro",,
170,14901145,"ACAO CADASTRAL - INDIVIDUALIZACAO","A22G611526",49,5449709,4438625,"Com Hidrometro",,
171,14901161,"ACAO CADASTRAL - INDIVIDUALIZACAO","A22G611527",60,5449710,4438626,"Com Hidrometro",,
172,14901188,"ACAO CADASTRAL - INDIVIDUALIZACAO","A22G611528",78,5449711,4438627,"Com Hidrometro",,
173,14901200,"ACAO CADASTRAL - INDIVIDUALIZACAO","A22G611499",68,5449712,4438628,"Com Hidrometro",,
174,14901226,"ACAO CADASTRAL - INDIVIDUALIZACAO","A22G611500",0,5449713,4438629,"Sem Hidrometro",,
175,14901242,"ACAO CADASTRAL - INDIVIDUALIZACAO","A22G611501",26,5449714,4438630,"Com Hidrometro",,
176,14901269,"ACAO CADASTRAL - INDIVIDUALIZACAO","A22G611502",39,5449715,4438631,"Com Hidrometro",,
177,14901285,"ACAO CADASTRAL - INDIVIDUALIZACAO","A22G611503",15,5449716,4438632,"Com Hidrometro",,
178,14901307,"ACAO CADASTRAL - INDIVIDUALIZACAO","A22G611504",32,5449717,4438633,"Com Hidrometro",,
179,14901323,"ACAO CADASTRAL - INDIVIDUALIZACAO","A22G611859",8,5449718,4438634,"Sem Hidrometro",,"Hidrômetro Inexistente"
180,14901340,"ACAO CADASTRAL - INDIVIDUALIZACAO","A22G611506",96,5449719,4438635,"Com Hidrometro",,
181,14901366,"ACAO CADASTRAL - INDIVIDUALIZACAO","A22G611507",90,5449720,4438636,"Com Hidrometro",,
182,14901382,"ACAO CADASTRAL - INDIVIDUALIZACAO","A22G611508",173,5449721,4438637,"Com Hidrometro",,
183,14901404,"ACAO CADASTRAL - INDIVIDUALIZACAO","A22G611339",98,5447182,4436446,"Com Hidrometro",,
184,14901420,"ACAO CADASTRAL - INDIVIDUALIZACAO","A22G611340",16,5449722,4438638,"Com Hidrometro",,
185,14901447,"ACAO CADASTRAL - INDIVIDUALIZACAO","A22G611341",0,5449723,4438639,"Sem Hidrometro",,
186,14901463,"ACAO CADASTRAL - INDIVIDUALIZACAO","A22G611342",82,5449724,4438640,"Com Hidrometro",,
187,14901480,"ACAO CADASTRAL - INDIVIDUALIZACAO","A22G611343",15,5449725,4438641,"Com Hidrometro",,
188,14901501,"ACAO CADASTRAL - INDIVIDUALIZACAO","A22G611344",23,5449726,4438642,"Com Hidrometro",,
189,14901528,"ACAO CADASTRAL - INDIVIDUALIZACAO","A22G611345",9,5449727,4438643,"Com Hidrometro",,
190,14901544,"ACAO CADASTRAL - INDIVIDUALIZACAO","A22G611346",13,5449728,4438644,"Com Hidrometro",,
191,14901560,"ACAO CADASTRAL - INDIVIDUALIZACAO","A22G611347",39,5449729,4438645,"Com Hidrometro",,
192,14901587,"ACAO CADASTRAL - INDIVIDUALIZACAO","A22G611348",13,5449730,4438646,"Com Hidrometro",,
193,14901609,"ACAO CADASTRAL - INDIVIDUALIZACAO","A22G611489",48,5449731,4438647,"Com Hidrometro",,
194,14901625,"ACAO CADASTRAL - INDIVIDUALIZACAO","A22G611490",32,5449732,4438648,"Com Hidrometro",,
195,14901641,"ACAO CADASTRAL - INDIVIDUALIZACAO","A22G611279",158,5449733,4438649,"Com Hidrometro",,
196,14901668,"ACAO CADASTRAL - INDIVIDUALIZACAO","A22G611280",1,5449734,4438650,"Com Hidrometro",,
197,14901684,"ACAO CADASTRAL - INDIVIDUALIZACAO","A22G611281",48,5449735,4438651,"Com Hidrometro",,
198,14901706,"ACAO CADASTRAL - INDIVIDUALIZACAO","A22G611282",537,5449736,4438652,"Com Hidrometro",,
199,14901722,"ACAO CADASTRAL - INDIVIDUALIZACAO","A22G611283",6,5449737,4438653,"Com Hidrometro",,
200,14901749,"ACAO CADASTRAL - INDIVIDUALIZACAO","A22G611284",0,5449738,4438654,"Sem Hidrometro",,
201,14901765,"ACAO CADASTRAL - INDIVIDUALIZACAO","A22G611285",0,5449739,4438655,"Sem Hidrometro",,
202,14901781,"ACAO CADASTRAL - INDIVIDUALIZACAO","A22G611286",0,5449740,4438656,"Sem Hidrometro",,
203,14901803,"ACAO CADASTRAL - INDIVIDUALIZACAO","A22G611287",14,5449741,4438657,"Com Hidrometro",,
204,14901820,"ACAO CADASTRAL - INDIVIDUALIZACAO","A22G611288",20,5449742,4438658,"Com Hidrometro",,
205,14901846,"ACAO CADASTRAL - INDIVIDUALIZACAO","A22G611259",10,5449743,4438659,"Com Hidrometro",,
206,14901862,"ACAO CADASTRAL - INDIVIDUALIZACAO","A22G611260",11,5449744,4438660,"Com Hidrometro",,
207,14901889,"ACAO CADASTRAL - INDIVIDUALIZACAO","A22G611261",0,5449745,4438661,"Sem Hidrometro",,
208,14901900,"ACAO CADASTRAL - INDIVIDUALIZACAO","A22G611262",0,5449746,4438662,"Sem Hidrometro",,
209,14901927,"ACAO CADASTRAL - INDIVIDUALIZACAO","A22G611263",11,5449747,4438663,"Com Hidrometro",,
210,14901943,"ACAO CADASTRAL - INDIVIDUALIZACAO","A22G611264",157,5449748,4438664,"Com Hidrometro",,
211,14901960,"ACAO CADASTRAL - INDIVIDUALIZACAO","A22G611265",2,5449749,4438665,"Com Hidrometro",,
212,14901986,"ACAO CADASTRAL - INDIVIDUALIZACAO","A22G611266",25,5449750,4438666,"Com Hidrometro",,
213,14902001,"ACAO CADASTRAL - INDIVIDUALIZACAO","A22G611267",11,5449751,4438667,"Com Hidrometro",,
214,14902028,"ACAO CADASTRAL - INDIVIDUALIZACAO","A22G611268",39,5449752,4438668,"Com Hidrometro",,
215,14902044,"ACAO CADASTRAL - INDIVIDUALIZACAO","A22G611589",29,5449753,4438669,"Com Hidrometro",,
216,14902060,"ACAO CADASTRAL - INDIVIDUALIZACAO","A22G611590",24,5449754,4438670,"Com Hidrometro",,
217,14902087,"ACAO CADASTRAL - INDIVIDUALIZACAO","A22G611591",20,5449755,4438671,"Com Hidrometro",,
218,14902109,"ACAO CADASTRAL - INDIVIDUALIZACAO","A22G611592",0,5449756,4438672,"Sem Hidrometro",,
219,14902125,"ACAO CADASTRAL - INDIVIDUALIZACAO","A22G611593",73,5449757,4438673,"Com Hidrometro",,
220,14902141,"ACAO CADASTRAL - INDIVIDUALIZACAO","A22G611594",54,5449758,4438674,"Com Hidrometro",,
221,14902168,"ACAO CADASTRAL - INDIVIDUALIZACAO","A22G611868",27,5449759,4438675,"Sem Hidrometro",,"Hidrômetro Inexistente"
222,14902184,"ACAO CADASTRAL - INDIVIDUALIZACAO","A22G611596",54,5449760,4438676,"Com Hidrometro",,
223,14902206,"ACAO CADASTRAL - INDIVIDUALIZACAO","A22G611597",15,5449761,4438677,"Com Hidrometro",,
224,14902222,"ACAO CADASTRAL - INDIVIDUALIZACAO","A22G611598",41,5449762,4438678,"Com Hidrometro",,
225,14902249,"ACAO CADASTRAL - INDIVIDUALIZACAO","A22G611492",39,5447225,4436489,"Com Hidrometro",,
226,14902265,"ACAO CADASTRAL - INDIVIDUALIZACAO","A22G611493",19,5449763,4438679,"Com Hidrometro",,
227,14902281,"ACAO CADASTRAL - INDIVIDUALIZACAO","A22G611299",10,5449764,4438680,"Com Hidrometro",,
228,14902303,"ACAO CADASTRAL - INDIVIDUALIZACAO","A22G611300",37,5449765,4438681,"Com Hidrometro",,
229,14902320,"ACAO CADASTRAL - INDIVIDUALIZACAO","A22G611301",0,5449766,4438682,"Sem Hidrometro",,
230,14902346,"ACAO CADASTRAL - INDIVIDUALIZACAO","A22G611302",0,5449767,4438683,"Sem Hidrometro",,
231,14902362,"ACAO CADASTRAL - INDIVIDUALIZACAO","A22G611303",0,5449768,4438684,"Sem Hidrometro",,
232,14902389,"ACAO CADASTRAL - INDIVIDUALIZACAO","A22G611304",73,5449769,4438685,"Com Hidrometro",,
233,14902400,"ACAO CADASTRAL - INDIVIDUALIZACAO","A22G611305",63,5449770,4438686,"Com Hidrometro",,
234,14902427,"ACAO CADASTRAL - INDIVIDUALIZACAO","A22G611306",90,5449771,4438687,"Com Hidrometro",,
235,14902443,"ACAO CADASTRAL - INDIVIDUALIZACAO","A22G611307",70,5449772,4438688,"Com Hidrometro",,
236,14902460,"ACAO CADASTRAL - INDIVIDUALIZACAO","A22G611308",39,5449773,4438689,"Com Hidrometro",,
237,14902486,"ACAO CADASTRAL - INDIVIDUALIZACAO","A22G611389",61,5449774,4438690,"Com Hidrometro",,
238,14902508,"ACAO CADASTRAL - INDIVIDUALIZACAO","A22G611390",6,5449775,4438691,"Com Hidrometro",,
239,14902524,"ACAO CADASTRAL - INDIVIDUALIZACAO","A22G611391",20,5449776,4438692,"Com Hidrometro",,
240,14902540,"ACAO CADASTRAL - INDIVIDUALIZACAO","A22G611392",51,5449777,4438693,"Com Hidrometro",,
241,14902567,"ACAO CADASTRAL - INDIVIDUALIZACAO","A22G611393",0,5449778,4438694,"Sem Hidrometro",,
242,14902583,"ACAO CADASTRAL - INDIVIDUALIZACAO","A22G611394",5,5449779,4438695,"Com Hidrometro",,
243,14902605,"ACAO CADASTRAL - INDIVIDUALIZACAO","A22G611395",34,5449780,4438696,"Com Hidrometro",,
244,14902621,"ACAO CADASTRAL - INDIVIDUALIZACAO","A22G611396",26,5449781,4438697,"Com Hidrometro",,
245,14902648,"ACAO CADASTRAL - INDIVIDUALIZACAO","A22G611397",8,5449782,4438698,"Com Hidrometro",,
246,14902664,"ACAO CADASTRAL - INDIVIDUALIZACAO","A22G611398",0,5449783,4438699,"Sem Hidrometro",,
247,14902680,"ACAO CADASTRAL - INDIVIDUALIZACAO","A22G611639",0,5449784,4438700,"Sem Hidrometro",,
248,14902702,"ACAO CADASTRAL - INDIVIDUALIZACAO","A22G611640",4,5449785,4438701,"Com Hidrometro",,
249,14902729,"ACAO CADASTRAL - INDIVIDUALIZACAO","A22G611641",8,5449786,4438702,"Com Hidrometro",,
250,14902745,"ACAO CADASTRAL - INDIVIDUALIZACAO","A22G611642",13,5449787,4438703,"Com Hidrometro",,
251,14902761,"ACAO CADASTRAL - INDIVIDUALIZACAO","A22G611643",40,5449788,4438704,"Com Hidrometro",,
252,14902788,"ACAO CADASTRAL - INDIVIDUALIZACAO","A22G611644",25,5449789,4438705,"Com Hidrometro",,
253,14902800,"ACAO CADASTRAL - INDIVIDUALIZACAO","A22G611645",9,5449790,4438706,"Com Hidrometro",,
254,14902826,"ACAO CADASTRAL - INDIVIDUALIZACAO","A22G611646",0,5449791,4438707,"Sem Hidrometro",,
255,14902842,"ACAO CADASTRAL - INDIVIDUALIZACAO","A22G611647",45,5449792,4438708,"Com Hidrometro",,
256,14902869,"ACAO CADASTRAL - INDIVIDUALIZACAO","A22G611648",106,5449793,4438709,"Com Hidrometro",,
257,14902885,"ACAO CADASTRAL - INDIVIDUALIZACAO","A22G611494",83,5449794,4438710,"Com Hidrometro",,
258,14902907,"ACAO CADASTRAL - INDIVIDUALIZACAO","A22G611495",20,5449795,4438711,"Com Hidrometro",,
259,14902923,"ACAO CADASTRAL - INDIVIDUALIZACAO","A22G611569",20,5449796,4438712,"Com Hidrometro",,
260,14902940,"ACAO CADASTRAL - INDIVIDUALIZACAO","A22G611570",103,5449797,4438713,"Com Hidrometro",,
261,14902966,"ACAO CADASTRAL - INDIVIDUALIZACAO","A22G611571",149,5449798,4438714,"Com Hidrometro",,
262,14902982,"ACAO CADASTRAL - INDIVIDUALIZACAO","A22G611572",61,5449799,4438715,"Com Hidrometro",,
263,14903008,"ACAO CADASTRAL - INDIVIDUALIZACAO","A22G611573",0,5449800,4438716,"Sem Hidrometro",,
264,14903024,"ACAO CADASTRAL - INDIVIDUALIZACAO","A22G611574",0,5449801,4438717,"Sem Hidrometro",,
265,14903040,"ACAO CADASTRAL - INDIVIDUALIZACAO","A22G611575",0,5449802,4438718,"Sem Hidrometro",,
266,14903067,"ACAO CADASTRAL - INDIVIDUALIZACAO","A22G611576",41,5449803,4438719,"Com Hidrometro",,
267,14903083,"ACAO CADASTRAL - INDIVIDUALIZACAO","A22G611577",9,5449804,4438720,"Com Hidrometro",,
268,14903105,"ACAO CADASTRAL - INDIVIDUALIZACAO","A22G611578",2,5449805,4438721,"Com Hidrometro",,
269,14903121,"ACAO CADASTRAL - INDIVIDUALIZACAO","A22G611359",0,5449806,4438722,"Sem Hidrometro",,
270,14903148,"ACAO CADASTRAL - INDIVIDUALIZACAO","A22G611360",6,5449807,4438723,"Com Hidrometro",,
271,14903164,"ACAO CADASTRAL - INDIVIDUALIZACAO","A22G611361",14,5449808,4438724,"Com Hidrometro",,
272,14903180,"ACAO CADASTRAL - INDIVIDUALIZACAO","A22G611362",0,5449809,4438725,"Sem Hidrometro",,
273,14903202,"ACAO CADASTRAL - INDIVIDUALIZACAO","A22G611363",0,5449810,4438726,"Sem Hidrometro",,
274,14903229,"ACAO CADASTRAL - INDIVIDUALIZACAO","A22G611364",2,5449811,4438727,"Com Hidrometro",,
275,14903245,"ACAO CADASTRAL - INDIVIDUALIZACAO","A22G611365",28,5449812,4438728,"Com Hidrometro",,
276,14903261,"ACAO CADASTRAL - INDIVIDUALIZACAO","A22G611366",15,5449813,4438729,"Com Hidrometro",,
277,14903288,"ACAO CADASTRAL - INDIVIDUALIZACAO","A22G611367",18,5449814,4438730,"Com Hidrometro",,
278,14903300,"ACAO CADASTRAL - INDIVIDUALIZACAO","A22G611368",0,5449815,4438731,"Sem Hidrometro",,
279,14903326,"ACAO CADASTRAL - INDIVIDUALIZACAO","A22G611449",1,5449816,4438732,"Com Hidrometro",,
280,14903342,"ACAO CADASTRAL - INDIVIDUALIZACAO","A22G611450",44,5449817,4438733,"Com Hidrometro",,
281,14903369,"ACAO CADASTRAL - INDIVIDUALIZACAO","A22G611451",154,5449818,4438734,"Com Hidrometro",,
282,14903385,"ACAO CADASTRAL - INDIVIDUALIZACAO","A22G611452",0,5449819,4438735,"Sem Hidrometro",,
283,14903407,"ACAO CADASTRAL - INDIVIDUALIZACAO","A22G611453",44,5449820,4438736,"Com Hidrometro",,
284,14903423,"ACAO CADASTRAL - INDIVIDUALIZACAO","A22G611454",107,5449821,4438737,"Com Hidrometro",,
285,14903440,"ACAO CADASTRAL - INDIVIDUALIZACAO","A22G611455",9,5449822,4438738,"Com Hidrometro",,
286,14903466,"ACAO CADASTRAL - INDIVIDUALIZACAO","A22G611456",135,5449823,4438739,"Com Hidrometro",,
287,14903482,"ACAO CADASTRAL - INDIVIDUALIZACAO","A22G611457",69,5449824,4438740,"Com Hidrometro",,
288,14903504,"ACAO CADASTRAL - INDIVIDUALIZACAO","A22G611458",35,5449825,4438741,"Com Hidrometro",,
289,14903520,"ACAO CADASTRAL - INDIVIDUALIZACAO","A22G611496",14,5449826,4438742,"Com Hidrometro",,
290,14903547,"ACAO CADASTRAL - INDIVIDUALIZACAO","A22G611497",78,5449827,4438743,"Com Hidrometro",,
291,14903563,"ACAO CADASTRAL - INDIVIDUALIZACAO","A22G611309",65,5449828,4438744,"Com Hidrometro",,
292,14903580,"ACAO CADASTRAL - INDIVIDUALIZACAO","A22G611310",69,5449829,4438745,"Com Hidrometro",,
293,14903601,"ACAO CADASTRAL - INDIVIDUALIZACAO","A22G611311",0,5449830,4438746,"Sem Hidrometro",,
294,14903628,"ACAO CADASTRAL - INDIVIDUALIZACAO","A22G611312",54,5449831,4438747,"Com Hidrometro",,
295,14903644,"ACAO CADASTRAL - INDIVIDUALIZACAO","A22G611313",5,5449832,4438748,"Com Hidrometro",,
296,14903660,"ACAO CADASTRAL - INDIVIDUALIZACAO","A22G611314",0,5449833,4438749,"Sem Hidrometro",,
297,14903687,"ACAO CADASTRAL - INDIVIDUALIZACAO","A22G611315",21,5449834,4438750,"Com Hidrometro",,
298,14903709,"ACAO CADASTRAL - INDIVIDUALIZACAO","A22G611316",0,5449835,4438751,"Sem Hidrometro",,
299,14903725,"ACAO CADASTRAL - INDIVIDUALIZACAO","A22G611317",1,5449836,4438752,"Com Hidrometro",,
300,14903741,"ACAO CADASTRAL - INDIVIDUALIZACAO","A22G611318",0,5449837,4438753,"Sem Hidrometro",,
301,14903768,"ACAO CADASTRAL - INDIVIDUALIZACAO","A22G611439",0,5449838,4438754,"Sem Hidrometro",,
302,14903784,"ACAO CADASTRAL - INDIVIDUALIZACAO","A22G611440",0,5449839,4438755,"Sem Hidrometro",,
303,14903806,"ACAO CADASTRAL - INDIVIDUALIZACAO","A22G611441",0,5449840,4438756,"Sem Hidrometro",,
304,14903822,"ACAO CADASTRAL - INDIVIDUALIZACAO","A22G611442",1,5449841,4438757,"Com Hidrometro",,
305,14903849,"ACAO CADASTRAL - INDIVIDUALIZACAO","A22G611443",10,5449842,4438758,"Com Hidrometro",,
306,14903865,"ACAO CADASTRAL - INDIVIDUALIZACAO","A22G611444",163,5449843,4438759,"Com Hidrometro",,
307,14903881,"ACAO CADASTRAL - INDIVIDUALIZACAO","A22G611445",51,5449844,4438760,"Com Hidrometro",,
308,14903903,"ACAO CADASTRAL - INDIVIDUALIZACAO","A22G611446",81,5449845,4438761,"Com Hidrometro",,
309,14903920,"ACAO CADASTRAL - INDIVIDUALIZACAO","A22G611447",102,5449846,4438762,"Com Hidrometro",,
310,14903946,"ACAO CADASTRAL - INDIVIDUALIZACAO","A22G611448",1,5449847,4438763,"Com Hidrometro",,
311,14903962,"ACAO CADASTRAL - INDIVIDUALIZACAO","A22G611609",38,5449848,4438764,"Com Hidrometro",,
312,14903989,"ACAO CADASTRAL - INDIVIDUALIZACAO","A22G611610",20,5449849,4438765,"Com Hidrometro",,
313,14904004,"ACAO CADASTRAL - INDIVIDUALIZACAO","A22G611611",4,5449850,4438766,"Com Hidrometro",,
314,14904020,"ACAO CADASTRAL - INDIVIDUALIZACAO","A22G611612",83,5449851,4438767,"Com Hidrometro",,
315,14904047,"ACAO CADASTRAL - INDIVIDUALIZACAO","A22G611613",4,5449852,4438768,"Com Hidrometro",,
316,14904063,"ACAO CADASTRAL - INDIVIDUALIZACAO","A22G611614",24,5449853,4438769,"Com Hidrometro",,
317,14904080,"ACAO CADASTRAL - INDIVIDUALIZACAO","A22G611615",16,5449854,4438770,"Com Hidrometro",,
318,14904101,"ACAO CADASTRAL - INDIVIDUALIZACAO","A22G611616",90,5449855,4438771,"Com Hidrometro",,
319,14904128,"ACAO CADASTRAL - INDIVIDUALIZACAO","A22G611617",17,5449856,4438772,"Com Hidrometro",,
320,14904144,"ACAO CADASTRAL - INDIVIDUALIZACAO","A22G611618",57,5449857,4438773,"Com Hidrometro",,
321,14904160,"ACAO CADASTRAL - INDIVIDUALIZACAO","A22G611465",57,5449858,4438774,"Com Hidrometro",,
322,14904187,"ACAO CADASTRAL - INDIVIDUALIZACAO","A22G611498",21,5449859,4438775,"Com Hidrometro",,
323,14904209,"ACAO CADASTRAL - INDIVIDUALIZACAO","A22G611379",38,5449860,4438776,"Com Hidrometro",,
324,14904225,"ACAO CADASTRAL - INDIVIDUALIZACAO","A22G611380",0,5449861,4438777,"Sem Hidrometro",,
325,14904241,"ACAO CADASTRAL - INDIVIDUALIZACAO","A22G611381",50,5449862,4438778,"Com Hidrometro",,
326,14904268,"ACAO CADASTRAL - INDIVIDUALIZACAO","A22G611382",0,5449863,4438779,"Sem Hidrometro",,
327,14904284,"ACAO CADASTRAL - INDIVIDUALIZACAO","A22G611383",69,5449864,4438780,"Com Hidrometro",,
328,14904306,"ACAO CADASTRAL - INDIVIDUALIZACAO","A22G611384",1,5449865,4438781,"Com Hidrometro",,
329,14904322,"ACAO CADASTRAL - INDIVIDUALIZACAO","A22G611385",28,5449866,4438782,"Com Hidrometro",,
330,14904349,"ACAO CADASTRAL - INDIVIDUALIZACAO","A22G611386",0,5449867,4438783,"Sem Hidrometro",,
331,14904365,"ACAO CADASTRAL - INDIVIDUALIZACAO","A22G611387",80,5449868,4438784,"Com Hidrometro",,
332,14904381,"ACAO CADASTRAL - INDIVIDUALIZACAO","A22G611388",39,5449869,4438785,"Com Hidrometro",,
333,14904403,"ACAO CADASTRAL - INDIVIDUALIZACAO","A22G611509",59,5449870,4438786,"Com Hidrometro",,
334,14904420,"ACAO CADASTRAL - INDIVIDUALIZACAO","A22G611510",19,5449871,4438787,"Com Hidrometro",,
335,14904446,"ACAO CADASTRAL - INDIVIDUALIZACAO","A22G611511",46,5449872,4438788,"Com Hidrometro",,
336,14904462,"ACAO CADASTRAL - INDIVIDUALIZACAO","A22G611512",91,5449873,4438789,"Com Hidrometro",,
337,14904489,"ACAO CADASTRAL - INDIVIDUALIZACAO","A22G611513",49,5449874,4438790,"Com Hidrometro",,
338,14904500,"ACAO CADASTRAL - INDIVIDUALIZACAO","A22G611514",107,5449875,4438791,"Com Hidrometro",,
339,14904527,"ACAO CADASTRAL - INDIVIDUALIZACAO","A22G611515",24,5449876,4438792,"Com Hidrometro",,
340,14904543,"ACAO CADASTRAL - INDIVIDUALIZACAO","A22G611516",41,5449877,4438793,"Com Hidrometro",,
341,14904560,"ACAO CADASTRAL - INDIVIDUALIZACAO","A22G611517",47,5449878,4438794,"Com Hidrometro",,
342,14904586,"ACAO CADASTRAL - INDIVIDUALIZACAO","A22G611518",20,5449879,4438795,"Com Hidrometro",,
343,14904608,"ACAO CADASTRAL - INDIVIDUALIZACAO","A22G611409",26,5449880,4438796,"Com Hidrometro",,
344,14904624,"ACAO CADASTRAL - INDIVIDUALIZACAO","A22G611410",63,5449881,4438797,"Com Hidrometro",,
345,14904640,"ACAO CADASTRAL - INDIVIDUALIZACAO","A22G611411",9,5449882,4438798,"Com Hidrometro",,
346,14904667,"ACAO CADASTRAL - INDIVIDUALIZACAO","A22G611412",74,5449883,4438799,"Com Hidrometro",,
347,14904683,"ACAO CADASTRAL - INDIVIDUALIZACAO","A22G611413",30,5449884,4438800,"Com Hidrometro",,
348,14904705,"ACAO CADASTRAL - INDIVIDUALIZACAO","A22G611414",46,5449885,4438801,"Com Hidrometro",,
349,14904721,"ACAO CADASTRAL - INDIVIDUALIZACAO","A22G611415",37,5449886,4438802,"Com Hidrometro",,
350,14904748,"ACAO CADASTRAL - INDIVIDUALIZACAO","A22G611416",69,5449887,4438803,"Com Hidrometro",,
351,14904764,"ACAO CADASTRAL - INDIVIDUALIZACAO","A22G611417",164,5449888,4438804,"Com Hidrometro",,
352,14904780,"ACAO CADASTRAL - INDIVIDUALIZACAO","A22G611418",41,5449889,4438805,"Com Hidrometro",,
353,14904802,"ACAO CADASTRAL - INDIVIDUALIZACAO","A22G611464",21,5449890,4438806,"Com Hidrometro",,
354,14904829,"ACAO CADASTRAL - INDIVIDUALIZACAO","A22G611463",33,5449891,4438807,"Com Hidrometro",,
355,14904845,"ACAO CADASTRAL - INDIVIDUALIZACAO","A22G611249",30,5449892,4438808,"Com Hidrometro",,
356,14904861,"ACAO CADASTRAL - INDIVIDUALIZACAO","A22G611250",40,5449893,4438809,"Com Hidrometro",,
357,14904888,"ACAO CADASTRAL - INDIVIDUALIZACAO","A22G611251",41,5449894,4438810,"Com Hidrometro",,
358,14904900,"ACAO CADASTRAL - INDIVIDUALIZACAO","A22G611252",35,5449895,4438811,"Com Hidrometro",,
359,14904926,"ACAO CADASTRAL - INDIVIDUALIZACAO","A22G611253",130,5449896,4438812,"Com Hidrometro",,
360,14904942,"ACAO CADASTRAL - INDIVIDUALIZACAO","A22G611254",64,5449897,4438813,"Com Hidrometro",,
361,14904969,"ACAO CADASTRAL - INDIVIDUALIZACAO","A22G611255",78,5449898,4438814,"Com Hidrometro",,
362,14904985,"ACAO CADASTRAL - INDIVIDUALIZACAO","A22G611256",30,5449899,4438815,"Com Hidrometro",,
363,14905000,"ACAO CADASTRAL - INDIVIDUALIZACAO","A22G611257",6,5449900,4438816,"Com Hidrometro",,
364,14905027,"ACAO CADASTRAL - INDIVIDUALIZACAO","A22G611258",40,5449901,4438817,"Com Hidrometro",,
365,14905043,"ACAO CADASTRAL - INDIVIDUALIZACAO","A22G611629",0,5449902,4438818,"Sem Hidrometro",,
366,14905060,"ACAO CADASTRAL - INDIVIDUALIZACAO","A22G611630",34,5449903,4438819,"Com Hidrometro",,
367,14905086,"ACAO CADASTRAL - INDIVIDUALIZACAO","A22G611631",48,5449904,4438820,"Com Hidrometro",,
368,14905108,"ACAO CADASTRAL - INDIVIDUALIZACAO","A22G611632",18,5449905,4438821,"Com Hidrometro",,
369,14905124,"ACAO CADASTRAL - INDIVIDUALIZACAO","A22G611633",51,5449906,4438822,"Com Hidrometro",,
370,14905140,"ACAO CADASTRAL - INDIVIDUALIZACAO","A22G611634",31,5449907,4438823,"Com Hidrometro",,
371,14905167,"ACAO CADASTRAL - INDIVIDUALIZACAO","A22G611635",5,5449908,4438824,"Com Hidrometro",,
372,14905183,"ACAO CADASTRAL - INDIVIDUALIZACAO","A22G611636",9,5449909,4438825,"Com Hidrometro",,
373,14905205,"ACAO CADASTRAL - INDIVIDUALIZACAO","A22G611637",39,5449910,4438826,"Com Hidrometro",,
374,14905221,"ACAO CADASTRAL - INDIVIDUALIZACAO","A22G611638",28,5449911,4438827,"Com Hidrometro",,
375,14905248,"ACAO CADASTRAL - INDIVIDUALIZACAO","A22G611399",58,5449912,4438828,"Com Hidrometro",,
376,14905264,"ACAO CADASTRAL - INDIVIDUALIZACAO","A22G611400",25,5449913,4438829,"Com Hidrometro",,
377,14905280,"ACAO CADASTRAL - INDIVIDUALIZACAO","A22G611401",26,5449914,4438830,"Com Hidrometro",,
378,14905302,"ACAO CADASTRAL - INDIVIDUALIZACAO","A22G611402",1,5449915,4438831,"Com Hidrometro",,
379,14905329,"ACAO CADASTRAL - INDIVIDUALIZACAO","A22G611403",26,5449916,4438832,"Com Hidrometro",,
380,14905345,"ACAO CADASTRAL - INDIVIDUALIZACAO","A22G611404",56,5449917,4438833,"Com Hidrometro",,
381,14905361,"ACAO CADASTRAL - INDIVIDUALIZACAO","A22G611405",31,5449918,4438834,"Com Hidrometro",,
382,14905388,"ACAO CADASTRAL - INDIVIDUALIZACAO","A22G611406",23,5449919,4438835,"Com Hidrometro",,
383,14905400,"ACAO CADASTRAL - INDIVIDUALIZACAO","A22G611407",47,5449920,4438836,"Com Hidrometro",,
384,14905426,"ACAO CADASTRAL - INDIVIDUALIZACAO","A22G611408",134,5449921,4438837,"Com Hidrometro",,
385,14905442,"ACAO CADASTRAL - INDIVIDUALIZACAO","A22G611461",26,5449922,4438838,"Com Hidrometro",,
386,14905469,"ACAO CADASTRAL - INDIVIDUALIZACAO","A22G611462",35,5449923,4438839,"Com Hidrometro",,
387,14905485,"ACAO CADASTRAL - INDIVIDUALIZACAO","A22G611269",5,5449924,4438840,"Com Hidrometro",,
388,14905507,"ACAO CADASTRAL - INDIVIDUALIZACAO","A22G611270",0,5449925,4438841,"Sem Hidrometro",,
389,14905523,"ACAO CADASTRAL - INDIVIDUALIZACAO","A22G611271",20,5449926,4438842,"Com Hidrometro",,
390,14905540,"ACAO CADASTRAL - INDIVIDUALIZACAO","A22G611272",0,5449927,4438843,"Sem Hidrometro",,
391,14905566,"ACAO CADASTRAL - INDIVIDUALIZACAO","A22G611273",1,5449928,4438844,"Com Hidrometro",,
392,14905582,"ACAO CADASTRAL - INDIVIDUALIZACAO","A22G611274",0,5449929,4438845,"Sem Hidrometro",,
393,14905604,"ACAO CADASTRAL - INDIVIDUALIZACAO","A22G611275",148,5449930,4438846,"Com Hidrometro",,
394,14905620,"ACAO CADASTRAL - INDIVIDUALIZACAO","A22G611276",104,5449931,4438847,"Com Hidrometro",,
395,14905647,"ACAO CADASTRAL - INDIVIDUALIZACAO","A22G611277",35,5449932,4438848,"Com Hidrometro",,
396,14905663,"ACAO CADASTRAL - INDIVIDUALIZACAO","A22G611278",18,5449933,4438849,"Com Hidrometro",,
397,14905680,"ACAO CADASTRAL - INDIVIDUALIZACAO","A22G611429",153,5449934,4438850,"Com Hidrometro",,
398,14905701,"ACAO CADASTRAL - INDIVIDUALIZACAO","A22G611430",2,5449935,4438851,"Com Hidrometro",,
399,14905728,"ACAO CADASTRAL - INDIVIDUALIZACAO","A22G611431",41,5449936,4438852,"Com Hidrometro",,
400,14905744,"ACAO CADASTRAL - INDIVIDUALIZACAO","A22G611432",58,5449937,4438853,"Com Hidrometro",,
401,14905760,"ACAO CADASTRAL - INDIVIDUALIZACAO","A22G611433",129,5449938,4438854,"Com Hidrometro",,
402,14905787,"ACAO CADASTRAL - INDIVIDUALIZACAO","A22G611434",19,5449939,4438855,"Com Hidrometro",,
403,14905809,"ACAO CADASTRAL - INDIVIDUALIZACAO","A22G611435",55,5449940,4438856,"Com Hidrometro",,
404,14905825,"ACAO CADASTRAL - INDIVIDUALIZACAO","A22G611436",93,5449941,4438857,"Com Hidrometro",,
405,14905841,"ACAO CADASTRAL - INDIVIDUALIZACAO","A22G611437",19,5449942,4438858,"Com Hidrometro",,
406,14905868,"ACAO CADASTRAL - INDIVIDUALIZACAO","A22G611438",69,5449943,4438859,"Com Hidrometro",,
407,14905884,"ACAO CADASTRAL - INDIVIDUALIZACAO","A22G611349",44,5449944,4438860,"Com Hidrometro",,
408,14905906,"ACAO CADASTRAL - INDIVIDUALIZACAO","A22G611350",30,5449945,4438861,"Com Hidrometro",,
409,14905922,"ACAO CADASTRAL - INDIVIDUALIZACAO","A22G611351",34,5449946,4438862,"Com Hidrometro",,
410,14905949,"ACAO CADASTRAL - INDIVIDUALIZACAO","A22G611352",68,5449947,4438863,"Com Hidrometro",,
411,14905965,"ACAO CADASTRAL - INDIVIDUALIZACAO","A22G611353",93,5449948,4438864,"Com Hidrometro",,
412,14905981,"ACAO CADASTRAL - INDIVIDUALIZACAO","A22G611354",44,5449949,4438865,"Com Hidrometro",,
413,14906007,"ACAO CADASTRAL - INDIVIDUALIZACAO","A22G611355",39,5449950,4438866,"Com Hidrometro",,
414,14906023,"ACAO CADASTRAL - INDIVIDUALIZACAO","A22G611356",1,5449951,4438867,"Com Hidrometro",,
415,14906040,"ACAO CADASTRAL - INDIVIDUALIZACAO","A22G611357",43,5449952,4438868,"Com Hidrometro",,
416,14906066,"ACAO CADASTRAL - INDIVIDUALIZACAO","A22G611358",44,5449953,4438869,"Com Hidrometro",,
417,14906082,"ACAO CADASTRAL - INDIVIDUALIZACAO","A22G611459",87,5449954,4438870,"Com Hidrometro",,
418,14906104,"ACAO CADASTRAL - INDIVIDUALIZACAO","A22G611460",24,5449955,4438871,"Com Hidrometro",,
