#,MATRICULA,MSG
1,11275421,1 Imï¿½vel(is) removido(s) com sucesso.
2,13227181,Nï¿½o ï¿½ possï¿½vel excluir o(s) imï¿½vel(is) selecionado(s) devido a existï¿½ncia de dï¿½bito.
3,11167858,Nï¿½o ï¿½ possï¿½vel excluir o(s) imï¿½vel(is) selecionado(s) devido a existï¿½ncia de dï¿½bito.
4,2964740,1 Imï¿½vel(is) removido(s) com sucesso.
5,5070333,1 Imï¿½vel(is) removido(s) com sucesso.
6,9122451,1 Imï¿½vel(is) removido(s) com sucesso.
7,2320533,Nï¿½o ï¿½ possï¿½vel excluir o(s) imï¿½vel(is) selecionado(s) devido a existï¿½ncia de hidrï¿½metro ativo.
8,2098334,Nï¿½o ï¿½ possï¿½vel excluir o(s) imï¿½vel(is) selecionado(s) devido a existï¿½ncia de hidrï¿½metro ativo.
9,7015046,1 Imï¿½vel(is) removido(s) com sucesso.
10,2098342,1 Imï¿½vel(is) removido(s) com sucesso.
11,2286750,1 Imï¿½vel(is) removido(s) com sucesso.
12,5070465,1 Imï¿½vel(is) removido(s) com sucesso.
13,10457526,Nï¿½o ï¿½ possï¿½vel excluir o(s) imï¿½vel(is) selecionado(s) devido a existï¿½ncia de dï¿½bito.
14,11066199,Nï¿½o ï¿½ possï¿½vel excluir o(s) imï¿½vel(is) selecionado(s) devido a existï¿½ncia de dï¿½bito.
15,11135760,1 Imï¿½vel(is) removido(s) com sucesso.
16,12012742,Nï¿½o ï¿½ possï¿½vel excluir o(s) imï¿½vel(is) selecionado(s) devido a existï¿½ncia de dï¿½bito.
17,12896608,Nï¿½o ï¿½ possï¿½vel excluir o(s) imï¿½vel(is) selecionado(s) devido a existï¿½ncia de dï¿½bito.
18,5070538,Nï¿½o ï¿½ possï¿½vel excluir o(s) imï¿½vel(is) selecionado(s) devido a existï¿½ncia de dï¿½bito.
19,11010851,1 Imï¿½vel(is) removido(s) com sucesso.
20,13486322,Nï¿½o ï¿½ possï¿½vel excluir o(s) imï¿½vel(is) selecionado(s) devido a existï¿½ncia de dï¿½bito.
21,10468927,1 Imï¿½vel(is) removido(s) com sucesso.
22,10714570,1 Imï¿½vel(is) removido(s) com sucesso.
23,11919493,Nï¿½o ï¿½ possï¿½vel excluir o(s) imï¿½vel(is) selecionado(s) devido a existï¿½ncia de dï¿½bito.
24,9121757,1 Imï¿½vel(is) removido(s) com sucesso.
25,11151129,1 Imï¿½vel(is) removido(s) com sucesso.
26,10913459,1 Imï¿½vel(is) removido(s) com sucesso.
27,8825149,1 Imï¿½vel(is) removido(s) com sucesso.
28,10638210,Nï¿½o ï¿½ possï¿½vel excluir o(s) imï¿½vel(is) selecionado(s) devido a existï¿½ncia de dï¿½bito.
29,8881588,1 Imï¿½vel(is) removido(s) com sucesso.
30,8951489,1 Imï¿½vel(is) removido(s) com sucesso.
31,10013725,1 Imï¿½vel(is) removido(s) com sucesso.
32,10472312,1 Imï¿½vel(is) removido(s) com sucesso.
33,11278633,Nï¿½o ï¿½ possï¿½vel excluir o(s) imï¿½vel(is) selecionado(s) devido a existï¿½ncia de dï¿½bito.
34,7047860,Nï¿½o ï¿½ possï¿½vel excluir o(s) imï¿½vel(is) selecionado(s) devido a existï¿½ncia de dï¿½bito.
35,5070716,1 Imï¿½vel(is) removido(s) com sucesso.
36,11868210,Nï¿½o ï¿½ possï¿½vel excluir o(s) imï¿½vel(is) selecionado(s) devido a existï¿½ncia de dï¿½bito.
37,5070856,Nï¿½o ï¿½ possï¿½vel excluir o(s) imï¿½vel(is) selecionado(s) devido a existï¿½ncia de dï¿½bito.
38,8980586,Nï¿½o ï¿½ possï¿½vel excluir o(s) imï¿½vel(is) selecionado(s) devido a existï¿½ncia de dï¿½bito.
39,5070953,1 Imï¿½vel(is) removido(s) com sucesso.
40,5071151,Nï¿½o ï¿½ possï¿½vel excluir o(s) imï¿½vel(is) selecionado(s) devido a existï¿½ncia de dï¿½bito.
41,5071160,Nï¿½o ï¿½ possï¿½vel excluir o(s) imï¿½vel(is) selecionado(s) devido a existï¿½ncia de dï¿½bito.
42,5071208,Nï¿½o ï¿½ possï¿½vel excluir o(s) imï¿½vel(is) selecionado(s) devido a existï¿½ncia de dï¿½bito.
43,5071488,1 Imï¿½vel(is) removido(s) com sucesso.
44,5071933,Nï¿½o ï¿½ possï¿½vel excluir o(s) imï¿½vel(is) selecionado(s) devido a existï¿½ncia de hidrï¿½metro ativo.
45,12989916,Nï¿½o ï¿½ possï¿½vel excluir o(s) imï¿½vel(is) selecionado(s) devido a existï¿½ncia de dï¿½bito.
46,5072581,Nï¿½o ï¿½ possï¿½vel excluir o(s) imï¿½vel(is) selecionado(s) devido a existï¿½ncia de hidrï¿½metro ativo.
47,5073499,1 Imï¿½vel(is) removido(s) com sucesso.
48,5073529,1 Imï¿½vel(is) removido(s) com sucesso.
49,5074355,1 Imï¿½vel(is) removido(s) com sucesso.
50,9884688,Nï¿½o ï¿½ possï¿½vel excluir o(s) imï¿½vel(is) selecionado(s) devido a existï¿½ncia de dï¿½bito.
51,11685182,1 Imï¿½vel(is) removido(s) com sucesso.
52,12231584,1 Imï¿½vel(is) removido(s) com sucesso.
53,9741380,Nï¿½o ï¿½ possï¿½vel excluir o(s) imï¿½vel(is) selecionado(s) devido a existï¿½ncia de dï¿½bito.
54,10417052,1 Imï¿½vel(is) removido(s) com sucesso.
55,12671851,Nï¿½o ï¿½ possï¿½vel excluir o(s) imï¿½vel(is) selecionado(s) devido a existï¿½ncia de dï¿½bito.
56,10053514,1 Imï¿½vel(is) removido(s) com sucesso.
57,11022078,1 Imï¿½vel(is) removido(s) com sucesso.
58,3970620,1 Imï¿½vel(is) removido(s) com sucesso.
59,13329626,Nï¿½o ï¿½ possï¿½vel excluir o(s) imï¿½vel(is) selecionado(s) devido a existï¿½ncia de dï¿½bito.
60,1899473,1 Imï¿½vel(is) removido(s) com sucesso.
61,1899520,1 Imï¿½vel(is) removido(s) com sucesso.
62,8817391,Nï¿½o ï¿½ possï¿½vel excluir o(s) imï¿½vel(is) selecionado(s) devido a existï¿½ncia de dï¿½bito.
63,8816344,1 Imï¿½vel(is) removido(s) com sucesso.
64,10319204,1 Imï¿½vel(is) removido(s) com sucesso.
65,5075394,1 Imï¿½vel(is) removido(s) com sucesso.
66,5075408,1 Imï¿½vel(is) removido(s) com sucesso.
67,11101636,Nï¿½o ï¿½ possï¿½vel excluir o(s) imï¿½vel(is) selecionado(s) devido a existï¿½ncia de dï¿½bito.
68,5075440,1 Imï¿½vel(is) removido(s) com sucesso.
69,7458967,1 Imï¿½vel(is) removido(s) com sucesso.
70,5075505,Nï¿½o ï¿½ possï¿½vel excluir o(s) imï¿½vel(is) selecionado(s) devido a existï¿½ncia de hidrï¿½metro ativo.
71,5075726,1 Imï¿½vel(is) removido(s) com sucesso.
72,4314450,1 Imï¿½vel(is) removido(s) com sucesso.
73,2834790,Nï¿½o ï¿½ possï¿½vel excluir o(s) imï¿½vel(is) selecionado(s) devido a existï¿½ncia de dï¿½bito.
74,5075769,Nï¿½o ï¿½ possï¿½vel excluir o(s) imï¿½vel(is) selecionado(s) devido a existï¿½ncia de hidrï¿½metro ativo.
75,3399486,1 Imï¿½vel(is) removido(s) com sucesso.
76,5075890,1 Imï¿½vel(is) removido(s) com sucesso.
77,11101652,Nï¿½o ï¿½ possï¿½vel excluir o(s) imï¿½vel(is) selecionado(s) devido a existï¿½ncia de dï¿½bito.
78,9884726,1 Imï¿½vel(is) removido(s) com sucesso.
79,9925724,1 Imï¿½vel(is) removido(s) com sucesso.
80,11295295,1 Imï¿½vel(is) removido(s) com sucesso.
81,10013717,1 Imï¿½vel(is) removido(s) com sucesso.
82,10760580,1 Imï¿½vel(is) removido(s) com sucesso.
83,13405500,Nï¿½o ï¿½ possï¿½vel excluir o(s) imï¿½vel(is) selecionado(s) devido a existï¿½ncia de dï¿½bito.
84,9165886,1 Imï¿½vel(is) removido(s) com sucesso.
85,3970531,Nï¿½o ï¿½ possï¿½vel excluir o(s) imï¿½vel(is) selecionado(s) devido a existï¿½ncia de dï¿½bito.
86,5076471,1 Imï¿½vel(is) removido(s) com sucesso.
87,5076668,Nï¿½o ï¿½ possï¿½vel excluir o(s) imï¿½vel(is) selecionado(s) devido a existï¿½ncia de dï¿½bito.
88,5076935,1 Imï¿½vel(is) removido(s) com sucesso.
89,2847345,1 Imï¿½vel(is) removido(s) com sucesso.
90,11351322,1 Imï¿½vel(is) removido(s) com sucesso.
91,12852341,Nï¿½o ï¿½ possï¿½vel excluir o(s) imï¿½vel(is) selecionado(s) devido a existï¿½ncia de dï¿½bito.
92,10483446,Nï¿½o ï¿½ possï¿½vel excluir o(s) imï¿½vel(is) selecionado(s) devido a existï¿½ncia de hidrï¿½metro ativo.
93,13056743,Nï¿½o ï¿½ possï¿½vel excluir o(s) imï¿½vel(is) selecionado(s) devido a existï¿½ncia de dï¿½bito.
94,5077036,1 Imï¿½vel(is) removido(s) com sucesso.
95,10526528,Nï¿½o ï¿½ possï¿½vel excluir o(s) imï¿½vel(is) selecionado(s) devido a existï¿½ncia de dï¿½bito.
96,5077281,1 Imï¿½vel(is) removido(s) com sucesso.
97,11329947,1 Imï¿½vel(is) removido(s) com sucesso.
98,7061234,Nï¿½o ï¿½ possï¿½vel excluir o(s) imï¿½vel(is) selecionado(s) devido a existï¿½ncia de hidrï¿½metro ativo.
99,8896216,1 Imï¿½vel(is) removido(s) com sucesso.
100,10996540,1 Imï¿½vel(is) removido(s) com sucesso.
101,7062265,1 Imï¿½vel(is) removido(s) com sucesso.
102,7465050,1 Imï¿½vel(is) removido(s) com sucesso.
103,10975772,Nï¿½o ï¿½ possï¿½vel excluir o(s) imï¿½vel(is) selecionado(s) devido a existï¿½ncia de dï¿½bito.
104,7062427,1 Imï¿½vel(is) removido(s) com sucesso.
105,7067852,1 Imï¿½vel(is) removido(s) com sucesso.
106,10554084,1 Imï¿½vel(is) removido(s) com sucesso.
107,10509402,1 Imï¿½vel(is) removido(s) com sucesso.
108,7060513,1 Imï¿½vel(is) removido(s) com sucesso.
109,7060530,1 Imï¿½vel(is) removido(s) com sucesso.
110,9121803,1 Imï¿½vel(is) removido(s) com sucesso.
111,11272910,Nï¿½o ï¿½ possï¿½vel excluir o(s) imï¿½vel(is) selecionado(s) devido a existï¿½ncia de dï¿½bito.
112,14629127,Nï¿½o ï¿½ possï¿½vel excluir o(s) imï¿½vel(is) selecionado(s) devido a existï¿½ncia de dï¿½bito.
113,11293314,1 Imï¿½vel(is) removido(s) com sucesso.
114,11406550,1 Imï¿½vel(is) removido(s) com sucesso.
115,2097362,Nï¿½o ï¿½ possï¿½vel excluir o(s) imï¿½vel(is) selecionado(s) devido a existï¿½ncia de dï¿½bito.
116,2097540,Nï¿½o ï¿½ possï¿½vel excluir o(s) imï¿½vel(is) selecionado(s) devido a existï¿½ncia de dï¿½bito.
117,5078210,1 Imï¿½vel(is) removido(s) com sucesso.
118,2098130,Nï¿½o ï¿½ possï¿½vel excluir o(s) imï¿½vel(is) selecionado(s) devido a existï¿½ncia de dï¿½bito.
119,2098113,Nï¿½o ï¿½ possï¿½vel excluir o(s) imï¿½vel(is) selecionado(s) devido a existï¿½ncia de dï¿½bito.
120,3829294,Nï¿½o ï¿½ possï¿½vel excluir o(s) imï¿½vel(is) selecionado(s) devido a existï¿½ncia de dï¿½bito.
121,9455108,Nï¿½o ï¿½ possï¿½vel excluir o(s) imï¿½vel(is) selecionado(s) devido a existï¿½ncia de dï¿½bito.
122,4278267,Nï¿½o ï¿½ possï¿½vel excluir o(s) imï¿½vel(is) selecionado(s) devido a existï¿½ncia de dï¿½bito.
123,7464908,1 Imï¿½vel(is) removido(s) com sucesso.
124,12702056,Nï¿½o ï¿½ possï¿½vel excluir o(s) imï¿½vel(is) selecionado(s) devido a existï¿½ncia de dï¿½bito.
125,10621393,Nï¿½o ï¿½ possï¿½vel excluir o(s) imï¿½vel(is) selecionado(s) devido a existï¿½ncia de dï¿½bito.
126,12702064,Nï¿½o ï¿½ possï¿½vel excluir o(s) imï¿½vel(is) selecionado(s) devido a existï¿½ncia de dï¿½bito.
127,12702196,Nï¿½o ï¿½ possï¿½vel excluir o(s) imï¿½vel(is) selecionado(s) devido a existï¿½ncia de dï¿½bito.
128,12626139,Nï¿½o ï¿½ possï¿½vel excluir o(s) imï¿½vel(is) selecionado(s) devido a existï¿½ncia de dï¿½bito.
129,11755571,Nï¿½o ï¿½ possï¿½vel excluir o(s) imï¿½vel(is) selecionado(s) devido a existï¿½ncia de dï¿½bito.
130,11267852,Nï¿½o ï¿½ possï¿½vel excluir o(s) imï¿½vel(is) selecionado(s) devido a existï¿½ncia de dï¿½bito.
131,11367350,Nï¿½o ï¿½ possï¿½vel excluir o(s) imï¿½vel(is) selecionado(s) devido a existï¿½ncia de dï¿½bito.
132,11355123,1 Imï¿½vel(is) removido(s) com sucesso.
133,5078652,Nï¿½o ï¿½ possï¿½vel excluir o(s) imï¿½vel(is) selecionado(s) devido a existï¿½ncia de hidrï¿½metro ativo.
134,11079495,Nï¿½o ï¿½ possï¿½vel excluir o(s) imï¿½vel(is) selecionado(s) devido a existï¿½ncia de dï¿½bito.
135,10041184,Nï¿½o ï¿½ possï¿½vel excluir o(s) imï¿½vel(is) selecionado(s) devido a existï¿½ncia de dï¿½bito.
136,11079525,Nï¿½o ï¿½ possï¿½vel excluir o(s) imï¿½vel(is) selecionado(s) devido a existï¿½ncia de dï¿½bito.
137,11225483,1 Imï¿½vel(is) removido(s) com sucesso.
138,13076760,Nï¿½o ï¿½ possï¿½vel excluir o(s) imï¿½vel(is) selecionado(s) devido a existï¿½ncia de dï¿½bito.
139,5079179,1 Imï¿½vel(is) removido(s) com sucesso.
140,7070608,Nï¿½o ï¿½ possï¿½vel excluir o(s) imï¿½vel(is) selecionado(s) devido a existï¿½ncia de dï¿½bito.
141,10999418,1 Imï¿½vel(is) removido(s) com sucesso.
142,10906479,1 Imï¿½vel(is) removido(s) com sucesso.
143,11262729,Nï¿½o ï¿½ possï¿½vel excluir o(s) imï¿½vel(is) selecionado(s) devido a existï¿½ncia de dï¿½bito.
144,11964081,Nï¿½o ï¿½ possï¿½vel excluir o(s) imï¿½vel(is) selecionado(s) devido a existï¿½ncia de dï¿½bito.
145,11852585,Nï¿½o ï¿½ possï¿½vel excluir o(s) imï¿½vel(is) selecionado(s) devido a existï¿½ncia de dï¿½bito.
146,11964090,Nï¿½o ï¿½ possï¿½vel excluir o(s) imï¿½vel(is) selecionado(s) devido a existï¿½ncia de dï¿½bito.
147,11964103,1 Imï¿½vel(is) removido(s) com sucesso.
148,13302396,Nï¿½o ï¿½ possï¿½vel excluir o(s) imï¿½vel(is) selecionado(s) devido a existï¿½ncia de dï¿½bito.
149,12632201,1 Imï¿½vel(is) removido(s) com sucesso.
150,9240098,1 Imï¿½vel(is) removido(s) com sucesso.
151,7161816,1 Imï¿½vel(is) removido(s) com sucesso.
152,4422678,1 Imï¿½vel(is) removido(s) com sucesso.
153,11017058,Nï¿½o ï¿½ possï¿½vel excluir o(s) imï¿½vel(is) selecionado(s) devido a existï¿½ncia de dï¿½bito.
154,4954408,1 Imï¿½vel(is) removido(s) com sucesso.
155,5079616,Nï¿½o ï¿½ possï¿½vel excluir o(s) imï¿½vel(is) selecionado(s) devido a existï¿½ncia de dï¿½bito.
156,13686135,Nï¿½o ï¿½ possï¿½vel excluir o(s) imï¿½vel(is) selecionado(s) devido a existï¿½ncia de dï¿½bito.
157,9244964,1 Imï¿½vel(is) removido(s) com sucesso.
158,10554068,1 Imï¿½vel(is) removido(s) com sucesso.
159,10554076,1 Imï¿½vel(is) removido(s) com sucesso.
160,11005890,1 Imï¿½vel(is) removido(s) com sucesso.
161,11192135,Nï¿½o ï¿½ possï¿½vel excluir o(s) imï¿½vel(is) selecionado(s) devido a existï¿½ncia de dï¿½bito.
162,7243855,1 Imï¿½vel(is) removido(s) com sucesso.
163,4804376,1 Imï¿½vel(is) removido(s) com sucesso.
164,5080045,Nï¿½o ï¿½ possï¿½vel excluir o(s) imï¿½vel(is) selecionado(s) devido a existï¿½ncia de hidrï¿½metro ativo.
165,5080096,Nï¿½o ï¿½ possï¿½vel excluir o(s) imï¿½vel(is) selecionado(s) devido a existï¿½ncia de dï¿½bito.
166,5080215,Nï¿½o ï¿½ possï¿½vel excluir o(s) imï¿½vel(is) selecionado(s) devido a existï¿½ncia de dï¿½bito.
167,7070160,1 Imï¿½vel(is) removido(s) com sucesso.
168,7407246,Nï¿½o ï¿½ possï¿½vel excluir o(s) imï¿½vel(is) selecionado(s) devido a existï¿½ncia de hidrï¿½metro ativo.
169,7459025,1 Imï¿½vel(is) removido(s) com sucesso.
170,12253537,Nï¿½o ï¿½ possï¿½vel excluir o(s) imï¿½vel(is) selecionado(s) devido a existï¿½ncia de dï¿½bito.
171,8934622,1 Imï¿½vel(is) removido(s) com sucesso.
172,9165860,1 Imï¿½vel(is) removido(s) com sucesso.
173,8846510,Nï¿½o ï¿½ possï¿½vel excluir o(s) imï¿½vel(is) selecionado(s) devido a existï¿½ncia de dï¿½bito.
174,8992894,1 Imï¿½vel(is) removido(s) com sucesso.
175,7070314,1 Imï¿½vel(is) removido(s) com sucesso.
176,3829286,1 Imï¿½vel(is) removido(s) com sucesso.
177,4876237,1 Imï¿½vel(is) removido(s) com sucesso.
178,7464967,1 Imï¿½vel(is) removido(s) com sucesso.
179,11617292,1 Imï¿½vel(is) removido(s) com sucesso.
180,11293357,1 Imï¿½vel(is) removido(s) com sucesso.
181,11293489,1 Imï¿½vel(is) removido(s) com sucesso.
182,11293527,1 Imï¿½vel(is) removido(s) com sucesso.
183,11293543,Nï¿½o ï¿½ possï¿½vel excluir o(s) imï¿½vel(is) selecionado(s) devido a existï¿½ncia de dï¿½bito.
184,12328600,Nï¿½o ï¿½ possï¿½vel excluir o(s) imï¿½vel(is) selecionado(s) devido a existï¿½ncia de dï¿½bito.
185,11392045,1 Imï¿½vel(is) removido(s) com sucesso.
186,11292822,Nï¿½o ï¿½ possï¿½vel excluir o(s) imï¿½vel(is) selecionado(s) devido a existï¿½ncia de dï¿½bito.
187,11357215,Nï¿½o ï¿½ possï¿½vel excluir o(s) imï¿½vel(is) selecionado(s) devido a existï¿½ncia de dï¿½bito.
188,11293551,1 Imï¿½vel(is) removido(s) com sucesso.
189,11666200,1 Imï¿½vel(is) removido(s) com sucesso.
190,11351179,Nï¿½o ï¿½ possï¿½vel excluir o(s) imï¿½vel(is) selecionado(s) devido a existï¿½ncia de dï¿½bito.
191,11294167,1 Imï¿½vel(is) removido(s) com sucesso.
192,11294175,1 Imï¿½vel(is) removido(s) com sucesso.
193,11670410,1 Imï¿½vel(is) removido(s) com sucesso.
194,11294183,1 Imï¿½vel(is) removido(s) com sucesso.
195,11297689,1 Imï¿½vel(is) removido(s) com sucesso.
196,11294191,1 Imï¿½vel(is) removido(s) com sucesso.
197,11697830,1 Imï¿½vel(is) removido(s) com sucesso.
198,11685204,Nï¿½o ï¿½ possï¿½vel excluir o(s) imï¿½vel(is) selecionado(s) devido a existï¿½ncia de dï¿½bito.
199,11294205,1 Imï¿½vel(is) removido(s) com sucesso.
200,11345438,1 Imï¿½vel(is) removido(s) com sucesso.
201,11294213,1 Imï¿½vel(is) removido(s) com sucesso.
202,11294221,Nï¿½o ï¿½ possï¿½vel excluir o(s) imï¿½vel(is) selecionado(s) devido a existï¿½ncia de dï¿½bito.
203,12035688,1 Imï¿½vel(is) removido(s) com sucesso.
204,11685174,Nï¿½o ï¿½ possï¿½vel excluir o(s) imï¿½vel(is) selecionado(s) devido a existï¿½ncia de dï¿½bito.
205,11294230,Nï¿½o ï¿½ possï¿½vel excluir o(s) imï¿½vel(is) selecionado(s) devido a existï¿½ncia de dï¿½bito.
206,11307498,1 Imï¿½vel(is) removido(s) com sucesso.
207,11294248,1 Imï¿½vel(is) removido(s) com sucesso.
208,11294256,1 Imï¿½vel(is) removido(s) com sucesso.
209,11294272,1 Imï¿½vel(is) removido(s) com sucesso.
210,11294280,Nï¿½o ï¿½ possï¿½vel excluir o(s) imï¿½vel(is) selecionado(s) devido a existï¿½ncia de dï¿½bito.
211,11294302,1 Imï¿½vel(is) removido(s) com sucesso.
212,13670212,Nï¿½o ï¿½ possï¿½vel excluir o(s) imï¿½vel(is) selecionado(s) devido a existï¿½ncia de dï¿½bito.
213,8951454,1 Imï¿½vel(is) removido(s) com sucesso.
214,9698540,1 Imï¿½vel(is) removido(s) com sucesso.
215,10565663,1 Imï¿½vel(is) removido(s) com sucesso.
216,7067445,1 Imï¿½vel(is) removido(s) com sucesso.
217,9154272,1 Imï¿½vel(is) removido(s) com sucesso.
218,7062893,1 Imï¿½vel(is) removido(s) com sucesso.
219,9244972,Nï¿½o ï¿½ possï¿½vel excluir o(s) imï¿½vel(is) selecionado(s) devido a existï¿½ncia de dï¿½bito.
220,10677836,1 Imï¿½vel(is) removido(s) com sucesso.
221,9153594,Nï¿½o ï¿½ possï¿½vel excluir o(s) imï¿½vel(is) selecionado(s) devido a existï¿½ncia de dï¿½bito.
222,10952691,1 Imï¿½vel(is) removido(s) com sucesso.
223,10779990,1 Imï¿½vel(is) removido(s) com sucesso.
224,10996303,1 Imï¿½vel(is) removido(s) com sucesso.
225,10996320,Nï¿½o ï¿½ possï¿½vel excluir o(s) imï¿½vel(is) selecionado(s) devido a existï¿½ncia de dï¿½bito.
226,10996338,1 Imï¿½vel(is) removido(s) com sucesso.
227,10996354,Nï¿½o ï¿½ possï¿½vel excluir o(s) imï¿½vel(is) selecionado(s) devido a existï¿½ncia de dï¿½bito.
228,11002654,Nï¿½o ï¿½ possï¿½vel excluir o(s) imï¿½vel(is) selecionado(s) devido a existï¿½ncia de dï¿½bito.
229,11009470,1 Imï¿½vel(is) removido(s) com sucesso.
230,11030240,1 Imï¿½vel(is) removido(s) com sucesso.
231,11063300,1 Imï¿½vel(is) removido(s) com sucesso.
232,11182970,Nï¿½o ï¿½ possï¿½vel excluir o(s) imï¿½vel(is) selecionado(s) devido a existï¿½ncia de dï¿½bito.
233,11251360,Nï¿½o ï¿½ possï¿½vel excluir o(s) imï¿½vel(is) selecionado(s) devido a existï¿½ncia de dï¿½bito.
234,11886196,Nï¿½o ï¿½ possï¿½vel excluir o(s) imï¿½vel(is) selecionado(s) devido a existï¿½ncia de dï¿½bito.
235,11886218,Nï¿½o ï¿½ possï¿½vel excluir o(s) imï¿½vel(is) selecionado(s) devido a existï¿½ncia de dï¿½bito.
236,11886226,Nï¿½o ï¿½ possï¿½vel excluir o(s) imï¿½vel(is) selecionado(s) devido a existï¿½ncia de dï¿½bito.
237,12642665,Nï¿½o ï¿½ possï¿½vel excluir o(s) imï¿½vel(is) selecionado(s) devido a existï¿½ncia de dï¿½bito.
238,9153632,Nï¿½o ï¿½ possï¿½vel excluir o(s) imï¿½vel(is) selecionado(s) devido a existï¿½ncia de dï¿½bito.
239,9153586,Nï¿½o ï¿½ possï¿½vel excluir o(s) imï¿½vel(is) selecionado(s) devido a existï¿½ncia de dï¿½bito.
240,9153624,Nï¿½o ï¿½ possï¿½vel excluir o(s) imï¿½vel(is) selecionado(s) devido a existï¿½ncia de dï¿½bito.
241,9153616,Nï¿½o ï¿½ possï¿½vel excluir o(s) imï¿½vel(is) selecionado(s) devido a existï¿½ncia de dï¿½bito.
242,7062915,1 Imï¿½vel(is) removido(s) com sucesso.
243,9153608,Nï¿½o ï¿½ possï¿½vel excluir o(s) imï¿½vel(is) selecionado(s) devido a existï¿½ncia de dï¿½bito.
244,7062923,1 Imï¿½vel(is) removido(s) com sucesso.
245,9516190,Nï¿½o ï¿½ possï¿½vel excluir o(s) imï¿½vel(is) selecionado(s) devido a existï¿½ncia de dï¿½bito.
246,11172070,Nï¿½o ï¿½ possï¿½vel excluir o(s) imï¿½vel(is) selecionado(s) devido a existï¿½ncia de dï¿½bito.
247,13622668,Nï¿½o ï¿½ possï¿½vel excluir o(s) imï¿½vel(is) selecionado(s) devido a existï¿½ncia de dï¿½bito.
248,10692630,Nï¿½o ï¿½ possï¿½vel excluir o(s) imï¿½vel(is) selecionado(s) devido a existï¿½ncia de dï¿½bito.
249,7062940,Nï¿½o ï¿½ possï¿½vel excluir o(s) imï¿½vel(is) selecionado(s) devido a existï¿½ncia de dï¿½bito.
250,11996021,1 Imï¿½vel(is) removido(s) com sucesso.
251,7062958,Nï¿½o ï¿½ possï¿½vel excluir o(s) imï¿½vel(is) selecionado(s) devido a existï¿½ncia de dï¿½bito.
252,7062966,1 Imï¿½vel(is) removido(s) com sucesso.
253,9285130,1 Imï¿½vel(is) removido(s) com sucesso.
254,9454950,1 Imï¿½vel(is) removido(s) com sucesso.
255,9741429,1 Imï¿½vel(is) removido(s) com sucesso.
256,9482610,1 Imï¿½vel(is) removido(s) com sucesso.
257,9153705,1 Imï¿½vel(is) removido(s) com sucesso.
258,9153691,Nï¿½o ï¿½ possï¿½vel excluir o(s) imï¿½vel(is) selecionado(s) devido a existï¿½ncia de dï¿½bito.
259,10236384,Nï¿½o ï¿½ possï¿½vel excluir o(s) imï¿½vel(is) selecionado(s) devido a existï¿½ncia de dï¿½bito.
260,10302530,1 Imï¿½vel(is) removido(s) com sucesso.
261,10399798,1 Imï¿½vel(is) removido(s) com sucesso.
262,10630422,1 Imï¿½vel(is) removido(s) com sucesso.
263,13406264,Nï¿½o ï¿½ possï¿½vel excluir o(s) imï¿½vel(is) selecionado(s) devido a existï¿½ncia de dï¿½bito.
264,13406280,Nï¿½o ï¿½ possï¿½vel excluir o(s) imï¿½vel(is) selecionado(s) devido a existï¿½ncia de dï¿½bito.
265,9153730,1 Imï¿½vel(is) removido(s) com sucesso.
266,7062974,Nï¿½o ï¿½ possï¿½vel excluir o(s) imï¿½vel(is) selecionado(s) devido a existï¿½ncia de dï¿½bito.
267,9153721,Nï¿½o ï¿½ possï¿½vel excluir o(s) imï¿½vel(is) selecionado(s) devido a existï¿½ncia de dï¿½bito.
268,9153659,Nï¿½o ï¿½ possï¿½vel excluir o(s) imï¿½vel(is) selecionado(s) devido a existï¿½ncia de dï¿½bito.
269,9153640,Nï¿½o ï¿½ possï¿½vel excluir o(s) imï¿½vel(is) selecionado(s) devido a existï¿½ncia de dï¿½bito.
270,9153713,Nï¿½o ï¿½ possï¿½vel excluir o(s) imï¿½vel(is) selecionado(s) devido a existï¿½ncia de dï¿½bito.
271,9153683,1 Imï¿½vel(is) removido(s) com sucesso.
272,9285229,1 Imï¿½vel(is) removido(s) com sucesso.
273,9455051,1 Imï¿½vel(is) removido(s) com sucesso.
274,10702261,1 Imï¿½vel(is) removido(s) com sucesso.
275,10364161,1 Imï¿½vel(is) removido(s) com sucesso.
276,7064438,1 Imï¿½vel(is) removido(s) com sucesso.
277,7064446,1 Imï¿½vel(is) removido(s) com sucesso.
278,7064454,1 Imï¿½vel(is) removido(s) com sucesso.
279,10856200,1 Imï¿½vel(is) removido(s) com sucesso.
280,7064470,1 Imï¿½vel(is) removido(s) com sucesso.
281,9047824,1 Imï¿½vel(is) removido(s) com sucesso.
282,7064489,1 Imï¿½vel(is) removido(s) com sucesso.
283,7064640,Nï¿½o ï¿½ possï¿½vel excluir o(s) imï¿½vel(is) selecionado(s) devido a existï¿½ncia de dï¿½bito.
284,7064713,1 Imï¿½vel(is) removido(s) com sucesso.
285,7064780,1 Imï¿½vel(is) removido(s) com sucesso.
286,12366544,Nï¿½o ï¿½ possï¿½vel excluir o(s) imï¿½vel(is) selecionado(s) devido a existï¿½ncia de dï¿½bito.
287,7401493,1 Imï¿½vel(is) removido(s) com sucesso.
288,7064144,Nï¿½o ï¿½ possï¿½vel excluir o(s) imï¿½vel(is) selecionado(s) devido a existï¿½ncia de hidrï¿½metro ativo.
289,9348395,1 Imï¿½vel(is) removido(s) com sucesso.
290,7064152,1 Imï¿½vel(is) removido(s) com sucesso.
291,7064209,Nï¿½o ï¿½ possï¿½vel excluir o(s) imï¿½vel(is) selecionado(s) devido a existï¿½ncia de dï¿½bito.
292,9004246,1 Imï¿½vel(is) removido(s) com sucesso.
293,7064284,Nï¿½o ï¿½ possï¿½vel excluir o(s) imï¿½vel(is) selecionado(s) devido a existï¿½ncia de dï¿½bito.
294,5080185,Nï¿½o ï¿½ possï¿½vel excluir o(s) imï¿½vel(is) selecionado(s) devido a existï¿½ncia de dï¿½bito.
295,10379207,1 Imï¿½vel(is) removido(s) com sucesso.
296,8896143,1 Imï¿½vel(is) removido(s) com sucesso.
297,7063024,1 Imï¿½vel(is) removido(s) com sucesso.
298,8846545,Nï¿½o ï¿½ possï¿½vel excluir o(s) imï¿½vel(is) selecionado(s) devido a existï¿½ncia de dï¿½bito.
299,9153772,1 Imï¿½vel(is) removido(s) com sucesso.
300,7063075,1 Imï¿½vel(is) removido(s) com sucesso.
301,7062990,1 Imï¿½vel(is) removido(s) com sucesso.
302,9047760,Nï¿½o ï¿½ possï¿½vel excluir o(s) imï¿½vel(is) selecionado(s) devido a existï¿½ncia de dï¿½bito.
303,7065043,1 Imï¿½vel(is) removido(s) com sucesso.
304,7065159,Nï¿½o ï¿½ possï¿½vel excluir o(s) imï¿½vel(is) selecionado(s) devido a existï¿½ncia de dï¿½bito.
305,7065221,1 Imï¿½vel(is) removido(s) com sucesso.
306,7065264,1 Imï¿½vel(is) removido(s) com sucesso.
307,7243910,1 Imï¿½vel(is) removido(s) com sucesso.
308,9047727,1 Imï¿½vel(is) removido(s) com sucesso.
309,9884769,1 Imï¿½vel(is) removido(s) com sucesso.
310,11064480,1 Imï¿½vel(is) removido(s) com sucesso.
311,7066171,1 Imï¿½vel(is) removido(s) com sucesso.
312,9482555,1 Imï¿½vel(is) removido(s) com sucesso.
313,9482563,1 Imï¿½vel(is) removido(s) com sucesso.
314,10884238,1 Imï¿½vel(is) removido(s) com sucesso.
315,11231890,1 Imï¿½vel(is) removido(s) com sucesso.
316,9884793,1 Imï¿½vel(is) removido(s) com sucesso.
317,9121668,1 Imï¿½vel(is) removido(s) com sucesso.
318,11294159,1 Imï¿½vel(is) removido(s) com sucesso.
319,11957638,1 Imï¿½vel(is) removido(s) com sucesso.
320,11957727,1 Imï¿½vel(is) removido(s) com sucesso.
321,11957670,1 Imï¿½vel(is) removido(s) com sucesso.
322,11957646,1 Imï¿½vel(is) removido(s) com sucesso.
323,7066228,1 Imï¿½vel(is) removido(s) com sucesso.
324,11256265,1 Imï¿½vel(is) removido(s) com sucesso.
325,10379185,1 Imï¿½vel(is) removido(s) com sucesso.
326,11144289,Nï¿½o ï¿½ possï¿½vel excluir o(s) imï¿½vel(is) selecionado(s) devido a existï¿½ncia de dï¿½bito.
327,7066260,1 Imï¿½vel(is) removido(s) com sucesso.
328,9482598,Nï¿½o ï¿½ possï¿½vel excluir o(s) imï¿½vel(is) selecionado(s) devido a existï¿½ncia de dï¿½bito.
329,9154256,Nï¿½o ï¿½ possï¿½vel excluir o(s) imï¿½vel(is) selecionado(s) devido a existï¿½ncia de dï¿½bito.
330,7066325,1 Imï¿½vel(is) removido(s) com sucesso.
331,7161875,1 Imï¿½vel(is) removido(s) com sucesso.
332,9165851,Nï¿½o ï¿½ possï¿½vel excluir o(s) imï¿½vel(is) selecionado(s) devido a existï¿½ncia de dï¿½bito.
333,7066333,1 Imï¿½vel(is) removido(s) com sucesso.
334,8816972,1 Imï¿½vel(is) removido(s) com sucesso.
335,9244921,Nï¿½o ï¿½ possï¿½vel excluir o(s) imï¿½vel(is) selecionado(s) devido a existï¿½ncia de dï¿½bito.
336,10621547,1 Imï¿½vel(is) removido(s) com sucesso.
337,7066368,1 Imï¿½vel(is) removido(s) com sucesso.
338,11928212,1 Imï¿½vel(is) removido(s) com sucesso.
339,7066376,Nï¿½o ï¿½ possï¿½vel excluir o(s) imï¿½vel(is) selecionado(s) devido a existï¿½ncia de dï¿½bito.
340,9154264,1 Imï¿½vel(is) removido(s) com sucesso.
341,7161956,1 Imï¿½vel(is) removido(s) com sucesso.
342,9004220,1 Imï¿½vel(is) removido(s) com sucesso.
343,7066422,1 Imï¿½vel(is) removido(s) com sucesso.
344,7066465,1 Imï¿½vel(is) removido(s) com sucesso.
345,7066473,1 Imï¿½vel(is) removido(s) com sucesso.
346,7066490,1 Imï¿½vel(is) removido(s) com sucesso.
347,7066511,1 Imï¿½vel(is) removido(s) com sucesso.
348,7066520,1 Imï¿½vel(is) removido(s) com sucesso.
349,7066546,1 Imï¿½vel(is) removido(s) com sucesso.
350,10870270,1 Imï¿½vel(is) removido(s) com sucesso.
351,7066562,1 Imï¿½vel(is) removido(s) com sucesso.
352,7066570,Nï¿½o ï¿½ possï¿½vel excluir o(s) imï¿½vel(is) selecionado(s) devido a existï¿½ncia de dï¿½bito.
353,7066600,1 Imï¿½vel(is) removido(s) com sucesso.
354,9482423,1 Imï¿½vel(is) removido(s) com sucesso.
355,9455027,1 Imï¿½vel(is) removido(s) com sucesso.
356,10697403,Nï¿½o ï¿½ possï¿½vel excluir o(s) imï¿½vel(is) selecionado(s) devido a existï¿½ncia de dï¿½bito.
357,11995980,Nï¿½o ï¿½ possï¿½vel excluir o(s) imï¿½vel(is) selecionado(s) devido a existï¿½ncia de dï¿½bito.
358,7065841,1 Imï¿½vel(is) removido(s) com sucesso.
359,7065868,1 Imï¿½vel(is) removido(s) com sucesso.
360,7065884,1 Imï¿½vel(is) removido(s) com sucesso.
361,7065892,1 Imï¿½vel(is) removido(s) com sucesso.
362,7065930,1 Imï¿½vel(is) removido(s) com sucesso.
363,7065965,1 Imï¿½vel(is) removido(s) com sucesso.
364,13091654,Nï¿½o ï¿½ possï¿½vel excluir o(s) imï¿½vel(is) selecionado(s) devido a existï¿½ncia de dï¿½bito.
365,7066023,1 Imï¿½vel(is) removido(s) com sucesso.
366,7066104,1 Imï¿½vel(is) removido(s) com sucesso.
367,7066120,1 Imï¿½vel(is) removido(s) com sucesso.
368,7330995,1 Imï¿½vel(is) removido(s) com sucesso.
369,9154280,1 Imï¿½vel(is) removido(s) com sucesso.
370,9047794,1 Imï¿½vel(is) removido(s) com sucesso.
371,10929746,Nï¿½o ï¿½ possï¿½vel excluir o(s) imï¿½vel(is) selecionado(s) devido a existï¿½ncia de dï¿½bito.
372,11241446,Nï¿½o ï¿½ possï¿½vel excluir o(s) imï¿½vel(is) selecionado(s) devido a existï¿½ncia de dï¿½bito.
373,14834022,Nï¿½o ï¿½ possï¿½vel excluir o(s) imï¿½vel(is) selecionado(s) devido a existï¿½ncia de dï¿½bito.
374,13485970,Nï¿½o ï¿½ possï¿½vel excluir o(s) imï¿½vel(is) selecionado(s) devido a existï¿½ncia de dï¿½bito.
375,10013768,Nï¿½o ï¿½ possï¿½vel excluir o(s) imï¿½vel(is) selecionado(s) devido a existï¿½ncia de dï¿½bito.
376,8846529,1 Imï¿½vel(is) removido(s) com sucesso.
377,7065388,1 Imï¿½vel(is) removido(s) com sucesso.
378,13212117,Nï¿½o ï¿½ possï¿½vel excluir o(s) imï¿½vel(is) selecionado(s) devido a existï¿½ncia de dï¿½bito.
379,10760539,1 Imï¿½vel(is) removido(s) com sucesso.
380,10909494,1 Imï¿½vel(is) removido(s) com sucesso.
381,9153756,1 Imï¿½vel(is) removido(s) com sucesso.
382,7161921,1 Imï¿½vel(is) removido(s) com sucesso.
383,9152490,1 Imï¿½vel(is) removido(s) com sucesso.
384,13211552,Nï¿½o ï¿½ possï¿½vel excluir o(s) imï¿½vel(is) selecionado(s) devido a existï¿½ncia de dï¿½bito.
385,9152555,1 Imï¿½vel(is) removido(s) com sucesso.
386,10895507,1 Imï¿½vel(is) removido(s) com sucesso.
387,10533192,Nï¿½o ï¿½ possï¿½vel excluir o(s) imï¿½vel(is) selecionado(s) devido a existï¿½ncia de dï¿½bito.
388,9925759,Nï¿½o ï¿½ possï¿½vel excluir o(s) imï¿½vel(is) selecionado(s) devido a existï¿½ncia de dï¿½bito.
389,9244980,Nï¿½o ï¿½ possï¿½vel excluir o(s) imï¿½vel(is) selecionado(s) devido a existï¿½ncia de dï¿½bito.
390,9152598,1 Imï¿½vel(is) removido(s) com sucesso.
391,9348409,1 Imï¿½vel(is) removido(s) com sucesso.
392,12607088,Nï¿½o ï¿½ possï¿½vel excluir o(s) imï¿½vel(is) selecionado(s) devido a existï¿½ncia de dï¿½bito.
393,9152636,1 Imï¿½vel(is) removido(s) com sucesso.
394,9152644,1 Imï¿½vel(is) removido(s) com sucesso.
395,9254293,1 Imï¿½vel(is) removido(s) com sucesso.
396,9152660,1 Imï¿½vel(is) removido(s) com sucesso.
397,9152695,1 Imï¿½vel(is) removido(s) com sucesso.
398,9152709,1 Imï¿½vel(is) removido(s) com sucesso.
399,10364188,1 Imï¿½vel(is) removido(s) com sucesso.
400,7066155,1 Imï¿½vel(is) removido(s) com sucesso.
401,9152784,Nï¿½o ï¿½ possï¿½vel excluir o(s) imï¿½vel(is) selecionado(s) devido a existï¿½ncia de dï¿½bito.
402,12970336,1 Imï¿½vel(is) removido(s) com sucesso.
403,11225491,1 Imï¿½vel(is) removido(s) com sucesso.
404,9152806,1 Imï¿½vel(is) removido(s) com sucesso.
405,11050470,Nï¿½o ï¿½ possï¿½vel excluir o(s) imï¿½vel(is) selecionado(s) devido a existï¿½ncia de dï¿½bito.
406,9153373,1 Imï¿½vel(is) removido(s) com sucesso.
407,9153381,1 Imï¿½vel(is) removido(s) com sucesso.
408,9153420,Nï¿½o ï¿½ possï¿½vel excluir o(s) imï¿½vel(is) selecionado(s) devido a existï¿½ncia de dï¿½bito.
409,9153446,1 Imï¿½vel(is) removido(s) com sucesso.
410,9153454,1 Imï¿½vel(is) removido(s) com sucesso.
411,9153462,1 Imï¿½vel(is) removido(s) com sucesso.
412,9153470,1 Imï¿½vel(is) removido(s) com sucesso.
413,14239957,Nï¿½o ï¿½ possï¿½vel excluir o(s) imï¿½vel(is) selecionado(s) devido a existï¿½ncia de dï¿½bito.
414,9153519,1 Imï¿½vel(is) removido(s) com sucesso.
415,9153527,1 Imï¿½vel(is) removido(s) com sucesso.
416,9153560,1 Imï¿½vel(is) removido(s) com sucesso.
417,9516026,1 Imï¿½vel(is) removido(s) com sucesso.
418,9516034,1 Imï¿½vel(is) removido(s) com sucesso.
419,9516050,1 Imï¿½vel(is) removido(s) com sucesso.
420,10373543,1 Imï¿½vel(is) removido(s) com sucesso.
421,10497323,1 Imï¿½vel(is) removido(s) com sucesso.
422,10680640,1 Imï¿½vel(is) removido(s) com sucesso.
423,11064498,1 Imï¿½vel(is) removido(s) com sucesso.
424,10929843,Nï¿½o ï¿½ possï¿½vel excluir o(s) imï¿½vel(is) selecionado(s) devido a existï¿½ncia de dï¿½bito.
425,10929851,1 Imï¿½vel(is) removido(s) com sucesso.
426,10996290,1 Imï¿½vel(is) removido(s) com sucesso.
427,9516093,1 Imï¿½vel(is) removido(s) com sucesso.
428,9516131,1 Imï¿½vel(is) removido(s) com sucesso.
429,9516158,1 Imï¿½vel(is) removido(s) com sucesso.
430,10371583,1 Imï¿½vel(is) removido(s) com sucesso.
431,10760601,Nï¿½o ï¿½ possï¿½vel excluir o(s) imï¿½vel(is) selecionado(s) devido a existï¿½ncia de dï¿½bito.
432,9516166,1 Imï¿½vel(is) removido(s) com sucesso.
433,10434216,1 Imï¿½vel(is) removido(s) com sucesso.
434,9516174,1 Imï¿½vel(is) removido(s) com sucesso.
435,10554050,1 Imï¿½vel(is) removido(s) com sucesso.
436,10462341,Nï¿½o ï¿½ possï¿½vel excluir o(s) imï¿½vel(is) selecionado(s) devido a existï¿½ncia de dï¿½bito.
437,10646183,1 Imï¿½vel(is) removido(s) com sucesso.
438,10952683,1 Imï¿½vel(is) removido(s) com sucesso.
439,10956417,1 Imï¿½vel(is) removido(s) com sucesso.
440,10984275,1 Imï¿½vel(is) removido(s) com sucesso.
441,11182989,1 Imï¿½vel(is) removido(s) com sucesso.
442,11151099,1 Imï¿½vel(is) removido(s) com sucesso.
443,11182997,1 Imï¿½vel(is) removido(s) com sucesso.
444,11183020,1 Imï¿½vel(is) removido(s) com sucesso.
445,11183047,1 Imï¿½vel(is) removido(s) com sucesso.
446,11184949,Nï¿½o ï¿½ possï¿½vel excluir o(s) imï¿½vel(is) selecionado(s) devido a existï¿½ncia de dï¿½bito.
447,11184957,Nï¿½o ï¿½ possï¿½vel excluir o(s) imï¿½vel(is) selecionado(s) devido a existï¿½ncia de dï¿½bito.
448,13406310,1 Imï¿½vel(is) removido(s) com sucesso.
449,10399984,1 Imï¿½vel(is) removido(s) com sucesso.
450,12126543,1 Imï¿½vel(is) removido(s) com sucesso.
451,11436581,Nï¿½o ï¿½ possï¿½vel excluir o(s) imï¿½vel(is) selecionado(s) devido a existï¿½ncia de dï¿½bito.
452,11518537,Nï¿½o ï¿½ possï¿½vel excluir o(s) imï¿½vel(is) selecionado(s) devido a existï¿½ncia de dï¿½bito.
453,7060122,Nï¿½o ï¿½ possï¿½vel excluir o(s) imï¿½vel(is) selecionado(s) devido a existï¿½ncia de dï¿½bito.
454,7060157,1 Imï¿½vel(is) removido(s) com sucesso.
455,7060165,1 Imï¿½vel(is) removido(s) com sucesso.
456,7457740,1 Imï¿½vel(is) removido(s) com sucesso.
457,7067283,1 Imï¿½vel(is) removido(s) com sucesso.
458,7060327,1 Imï¿½vel(is) removido(s) com sucesso.
459,9121706,1 Imï¿½vel(is) removido(s) com sucesso.
460,8846553,1 Imï¿½vel(is) removido(s) com sucesso.
461,7060378,1 Imï¿½vel(is) removido(s) com sucesso.
462,9285121,1 Imï¿½vel(is) removido(s) com sucesso.
463,7060408,1 Imï¿½vel(is) removido(s) com sucesso.
464,7060483,1 Imï¿½vel(is) removido(s) com sucesso.
465,7060505,Nï¿½o ï¿½ possï¿½vel excluir o(s) imï¿½vel(is) selecionado(s) devido a existï¿½ncia de dï¿½bito.
466,7059396,Nï¿½o ï¿½ possï¿½vel excluir o(s) imï¿½vel(is) selecionado(s) devido a existï¿½ncia de hidrï¿½metro ativo.
467,9515968,Nï¿½o ï¿½ possï¿½vel excluir o(s) imï¿½vel(is) selecionado(s) devido a existï¿½ncia de dï¿½bito.
468,11009454,1 Imï¿½vel(is) removido(s) com sucesso.
469,7059418,1 Imï¿½vel(is) removido(s) com sucesso.
470,7059477,1 Imï¿½vel(is) removido(s) com sucesso.
471,7059493,1 Imï¿½vel(is) removido(s) com sucesso.
472,7059582,Nï¿½o ï¿½ possï¿½vel excluir o(s) imï¿½vel(is) selecionado(s) devido a existï¿½ncia de dï¿½bito.
473,11231939,Nï¿½o ï¿½ possï¿½vel excluir o(s) imï¿½vel(is) selecionado(s) devido a existï¿½ncia de dï¿½bito.
474,7067259,1 Imï¿½vel(is) removido(s) com sucesso.
475,7059833,1 Imï¿½vel(is) removido(s) com sucesso.
476,7059892,Nï¿½o ï¿½ possï¿½vel excluir o(s) imï¿½vel(is) selecionado(s) devido a existï¿½ncia de dï¿½bito.
477,11103582,1 Imï¿½vel(is) removido(s) com sucesso.
478,10956425,Nï¿½o ï¿½ possï¿½vel excluir o(s) imï¿½vel(is) selecionado(s) devido a existï¿½ncia de dï¿½bito.
479,7061587,1 Imï¿½vel(is) removido(s) com sucesso.
480,7061404,1 Imï¿½vel(is) removido(s) com sucesso.
481,7061811,1 Imï¿½vel(is) removido(s) com sucesso.
482,9327320,1 Imï¿½vel(is) removido(s) com sucesso.
483,7061927,1 Imï¿½vel(is) removido(s) com sucesso.
484,7061943,1 Imï¿½vel(is) removido(s) com sucesso.
485,7061986,1 Imï¿½vel(is) removido(s) com sucesso.
486,7062001,1 Imï¿½vel(is) removido(s) com sucesso.
487,7062036,1 Imï¿½vel(is) removido(s) com sucesso.
488,7062044,1 Imï¿½vel(is) removido(s) com sucesso.
489,7062222,1 Imï¿½vel(is) removido(s) com sucesso.
490,7062214,1 Imï¿½vel(is) removido(s) com sucesso.
491,9516212,1 Imï¿½vel(is) removido(s) com sucesso.
492,7062087,1 Imï¿½vel(is) removido(s) com sucesso.
493,7062761,1 Imï¿½vel(is) removido(s) com sucesso.
494,7062770,1 Imï¿½vel(is) removido(s) com sucesso.
495,7062796,Nï¿½o ï¿½ possï¿½vel excluir o(s) imï¿½vel(is) selecionado(s) devido a existï¿½ncia de hidrï¿½metro ativo.
496,7250460,1 Imï¿½vel(is) removido(s) com sucesso.
497,7061749,1 Imï¿½vel(is) removido(s) com sucesso.
498,12387487,1 Imï¿½vel(is) removido(s) com sucesso.
499,7060971,1 Imï¿½vel(is) removido(s) com sucesso.
500,7407300,Nï¿½o ï¿½ possï¿½vel excluir o(s) imï¿½vel(is) selecionado(s) devido a existï¿½ncia de dï¿½bito.
501,13262025,Nï¿½o ï¿½ possï¿½vel excluir o(s) imï¿½vel(is) selecionado(s) devido a existï¿½ncia de dï¿½bito.
502,7465009,Nï¿½o ï¿½ possï¿½vel excluir o(s) imï¿½vel(is) selecionado(s) devido a existï¿½ncia de dï¿½bito.
503,7330910,1 Imï¿½vel(is) removido(s) com sucesso.
504,11964065,1 Imï¿½vel(is) removido(s) com sucesso.
505,9121730,1 Imï¿½vel(is) removido(s) com sucesso.
506,8934517,1 Imï¿½vel(is) removido(s) com sucesso.
507,7061064,1 Imï¿½vel(is) removido(s) com sucesso.
508,9121749,1 Imï¿½vel(is) removido(s) com sucesso.
509,9454993,1 Imï¿½vel(is) removido(s) com sucesso.
510,11357207,Nï¿½o ï¿½ possï¿½vel excluir o(s) imï¿½vel(is) selecionado(s) devido a existï¿½ncia de dï¿½bito.
511,11266678,1 Imï¿½vel(is) removido(s) com sucesso.
512,11630884,1 Imï¿½vel(is) removido(s) com sucesso.
513,11346442,1 Imï¿½vel(is) removido(s) com sucesso.
514,11345527,1 Imï¿½vel(is) removido(s) com sucesso.
515,11346493,Nï¿½o ï¿½ possï¿½vel excluir o(s) imï¿½vel(is) selecionado(s) devido a existï¿½ncia de dï¿½bito.
516,11346515,1 Imï¿½vel(is) removido(s) com sucesso.
517,11346523,Nï¿½o ï¿½ possï¿½vel excluir o(s) imï¿½vel(is) selecionado(s) devido a existï¿½ncia de dï¿½bito.
518,11346531,1 Imï¿½vel(is) removido(s) com sucesso.
519,11346540,Nï¿½o ï¿½ possï¿½vel excluir o(s) imï¿½vel(is) selecionado(s) devido a existï¿½ncia de dï¿½bito.
520,11346566,Nï¿½o ï¿½ possï¿½vel excluir o(s) imï¿½vel(is) selecionado(s) devido a existï¿½ncia de dï¿½bito.
521,13017799,Nï¿½o ï¿½ possï¿½vel excluir o(s) imï¿½vel(is) selecionado(s) devido a existï¿½ncia de dï¿½bito.
522,12254045,Nï¿½o ï¿½ possï¿½vel excluir o(s) imï¿½vel(is) selecionado(s) devido a existï¿½ncia de dï¿½bito.
523,12746207,Nï¿½o ï¿½ possï¿½vel excluir o(s) imï¿½vel(is) selecionado(s) devido a existï¿½ncia de hidrï¿½metro ativo.
524,9482504,Nï¿½o ï¿½ possï¿½vel excluir o(s) imï¿½vel(is) selecionado(s) devido a existï¿½ncia de dï¿½bito.
525,9165657,1 Imï¿½vel(is) removido(s) com sucesso.
526,11144297,1 Imï¿½vel(is) removido(s) com sucesso.
527,9165673,1 Imï¿½vel(is) removido(s) com sucesso.
528,11086548,Nï¿½o ï¿½ possï¿½vel excluir o(s) imï¿½vel(is) selecionado(s) devido a existï¿½ncia de dï¿½bito.
529,12780251,Nï¿½o ï¿½ possï¿½vel excluir o(s) imï¿½vel(is) selecionado(s) devido a existï¿½ncia de dï¿½bito.
530,12969893,1 Imï¿½vel(is) removido(s) com sucesso.
531,12025704,1 Imï¿½vel(is) removido(s) com sucesso.
532,12624489,1 Imï¿½vel(is) removido(s) com sucesso.
533,11084987,Nï¿½o ï¿½ possï¿½vel excluir o(s) imï¿½vel(is) selecionado(s) devido a existï¿½ncia de dï¿½bito.
534,11101725,1 Imï¿½vel(is) removido(s) com sucesso.
535,11996048,1 Imï¿½vel(is) removido(s) com sucesso.
536,9240160,1 Imï¿½vel(is) removido(s) com sucesso.
537,9165533,1 Imï¿½vel(is) removido(s) com sucesso.
538,10690573,Nï¿½o ï¿½ possï¿½vel excluir o(s) imï¿½vel(is) selecionado(s) devido a existï¿½ncia de dï¿½bito.
539,11088516,Nï¿½o ï¿½ possï¿½vel excluir o(s) imï¿½vel(is) selecionado(s) devido a existï¿½ncia de dï¿½bito.
540,10041168,1 Imï¿½vel(is) removido(s) com sucesso.
541,9165452,1 Imï¿½vel(is) removido(s) com sucesso.
542,9455060,1 Imï¿½vel(is) removido(s) com sucesso.
543,9165746,Nï¿½o ï¿½ possï¿½vel excluir o(s) imï¿½vel(is) selecionado(s) devido a existï¿½ncia de dï¿½bito.
544,10996443,Nï¿½o ï¿½ possï¿½vel excluir o(s) imï¿½vel(is) selecionado(s) devido a existï¿½ncia de dï¿½bito.
545,9165754,1 Imï¿½vel(is) removido(s) com sucesso.
546,9947612,1 Imï¿½vel(is) removido(s) com sucesso.
547,11093137,1 Imï¿½vel(is) removido(s) com sucesso.
548,12253200,Nï¿½o ï¿½ possï¿½vel excluir o(s) imï¿½vel(is) selecionado(s) devido a existï¿½ncia de dï¿½bito.
549,12253707,1 Imï¿½vel(is) removido(s) com sucesso.
550,12673005,Nï¿½o ï¿½ possï¿½vel excluir o(s) imï¿½vel(is) selecionado(s) devido a existï¿½ncia de dï¿½bito.
551,12984744,Nï¿½o ï¿½ possï¿½vel excluir o(s) imï¿½vel(is) selecionado(s) devido a existï¿½ncia de dï¿½bito.
552,13604341,Nï¿½o ï¿½ possï¿½vel excluir o(s) imï¿½vel(is) selecionado(s) devido a existï¿½ncia de dï¿½bito.
553,9165592,1 Imï¿½vel(is) removido(s) com sucesso.
554,9165606,Nï¿½o ï¿½ possï¿½vel excluir o(s) imï¿½vel(is) selecionado(s) devido a existï¿½ncia de dï¿½bito.
555,10383620,Nï¿½o ï¿½ possï¿½vel excluir o(s) imï¿½vel(is) selecionado(s) devido a existï¿½ncia de dï¿½bito.
556,10383638,Nï¿½o ï¿½ possï¿½vel excluir o(s) imï¿½vel(is) selecionado(s) devido a existï¿½ncia de dï¿½bito.
557,10502181,Nï¿½o ï¿½ possï¿½vel excluir o(s) imï¿½vel(is) selecionado(s) devido a existï¿½ncia de dï¿½bito.
558,10383646,1 Imï¿½vel(is) removido(s) com sucesso.
559,7243960,1 Imï¿½vel(is) removido(s) com sucesso.
560,7243952,1 Imï¿½vel(is) removido(s) com sucesso.
561,9925740,Nï¿½o ï¿½ possï¿½vel excluir o(s) imï¿½vel(is) selecionado(s) devido a existï¿½ncia de dï¿½bito.
562,9121641,1 Imï¿½vel(is) removido(s) com sucesso.
563,8832366,1 Imï¿½vel(is) removido(s) com sucesso.
564,8934584,1 Imï¿½vel(is) removido(s) com sucesso.
